id,title,url,shortIntro,difficulty,language,totalTime,totalModules,createdAt,updatedAt
1,Ergonomic system-worthy product,https://www.holt.biz/,"Risk mention son. Officer safe remain common whether.
Sit show cut maintain report.
Identify plan scene him dark why within scene. Mr fund attention unit more worker marriage.",Advanced,English,260,28,1971-07-02 08:32:07,1996-06-06 22:55:57
2,Switchable regional architecture,http://www.sweeney.com/,"Single operation several couple certain either letter lose. Top heavy call. Financial indeed prevent good alone market.
Beat east character. Water throw born. Civil nature now summer court type.",Intermediate,Tamil,495,14,1980-05-11 10:49:39,2023-04-23 02:45:38
3,Multi-layered real-time challenge,https://www.klein-poole.com/,Fall knowledge under white high. Movement member him capital defense. Manage top fund religious.,Intermediate,German,467,32,2014-03-06 08:00:15,1974-02-01 11:02:31
4,Devolved static moderator,https://www.ross.com/,"Least opportunity board general practice different goal. Alone education brother. Agreement seek inside out eat thus.
Wish set country save. Medical western future now. Your talk notice attack.",Advanced,Spanish,129,38,1974-04-12 02:56:51,2012-05-15 23:16:23
5,Adaptive multi-tasking instruction set,http://www.white-allen.info/,"Identify be fast pattern especially smile. Finally soldier person ready cover. Coach she recent.
Might seven certainly. Threat area position.",Intermediate,Japanese,474,13,2024-03-10 23:20:40,1992-10-15 21:22:37
6,Open-architected zero tolerance complexity,https://www.shaw.com/,"Center matter officer imagine loss difficult six boy. Note middle method. Probably authority contain federal break improve.
Data send condition his painting. Sure truth strategy six professor.",Advanced,Japanese,116,46,2015-02-09 14:11:45,1977-01-31 17:17:41
7,Versatile neutral contingency,http://medina-dawson.com/,Fall charge bed guess statement. Agency reduce gun purpose age will.,Intermediate,Tamil,398,20,1992-03-13 08:20:08,1979-05-19 06:10:19
8,Phased bandwidth-monitored attitude,http://www.kirk-atkins.info/,Many maintain opportunity. Student full sometimes remember poor. Modern parent ready leader.,Beginner,Japanese,266,36,1985-05-27 14:53:55,2016-12-21 08:21:31
9,Fundamental 4thgeneration core,https://sullivan.com/,"Concern affect choose however. Scientist size believe could energy. Democratic act husband.
Month some bill effect bar. Right good century author return trial child. Area you get nor.",Advanced,Tamil,495,39,1973-12-11 17:29:11,1997-07-09 07:25:25
10,Devolved responsive definition,https://gillespie-washington.com/,"Water strategy image TV short action. Mind effect open special my.
Their prevent eye herself century. Republican still discussion age forget war minute field.",Beginner,Tamil,195,21,2002-11-27 04:01:57,2016-05-03 14:26:15
11,Monitored stable adapter,http://www.berry.net/,"Prepare whose type. Eight cost sign there.
Political at religious these cover doctor executive.
Wait interest among prepare. Happen office like administration.",Advanced,German,500,15,1991-06-21 15:01:26,1978-08-14 12:36:52
12,Visionary radical framework,http://www.orr.com/,Growth tough season. Our always loss must bring drop. Father sit race trial guy middle.,Advanced,Spanish,359,17,1989-10-21 08:21:32,2003-08-13 05:30:03
13,Re-engineered mobile orchestration,https://stevens.com/,"Class business control nor rule catch every. Season easy will thus market in. Behind why per evening.
Investment serious read table may she. Write couple account power within.",Advanced,Japanese,342,42,1984-12-07 19:16:54,1975-01-05 09:56:01
14,Seamless intangible solution,https://www.williams.com/,"Show middle religious doctor poor. Half imagine state represent.
Debate nice us also. Alone adult likely town effort key. Full report hard thus benefit film.",Intermediate,Hindi,314,43,2005-10-20 00:16:25,2019-02-24 01:49:00
15,Diverse non-volatile success,http://www.williams.info/,"Reveal type dream all able or opportunity. Paper white model rather amount treat brother.
Forget method measure food minute. Fund scientist officer behavior director.",Advanced,Spanish,338,22,1993-05-14 01:55:38,2004-01-26 18:42:02
16,Business-focused human-resource algorithm,https://palmer.com/,Stock save age enough generation record each. Second spring energy. In cold road civil common between those way.,Beginner,Tamil,220,48,2008-07-19 05:01:42,1974-02-09 14:48:36
17,Adaptive client-server hub,https://www.flores.com/,"Decide economic experience popular.
Their some require draw scientist provide above. Well safe police which recently wonder.
Mrs a long technology best clearly. Six television catch.",Beginner,Hindi,95,35,2012-10-29 10:10:35,1972-01-05 08:39:10
18,Managed optimizing function,https://www.weber.com/,"Light black born road. For need long large citizen traditional.
All likely age room stage result prove. Now money happen.",Intermediate,French,373,12,1972-03-20 17:12:22,2010-06-20 20:54:49
19,Managed solution-oriented policy,https://houston-bauer.com/,Along develop particularly then out recognize. Important cold wide arm spring care.,Advanced,French,419,18,1991-04-15 18:39:24,1974-02-01 01:42:22
20,Proactive tertiary Internet solution,https://www.taylor-smith.com/,"Successful moment cause point.
Red media hear mean short I. Add behavior media exactly.
Often current general degree. Sell sing good social nearly future. Indicate seem environment quite phone.",Beginner,French,306,10,1995-11-23 23:19:57,1983-12-17 20:12:45
21,Total real-time neural-net,https://www.gutierrez.com/,"She artist run then information mouth trouble. Later final could fact impact.
Take modern short cost. Economy phone attorney carry describe treatment training.",Advanced,Tamil,337,17,2023-02-06 22:14:11,1996-04-19 06:23:20
22,Secured coherent implementation,https://pierce.com/,"Head bad them person true hope former. For will end culture.
College couple control. Send else door song north audience realize.",Advanced,English,326,11,2019-06-10 15:09:56,1970-09-18 06:51:51
23,Advanced explicit flexibility,http://www.bryan.com/,Mouth easy method affect benefit. Street allow now environment put consumer car. Religious teach eye boy.,Intermediate,Tamil,444,22,1977-12-16 17:36:12,1998-08-16 08:18:34
24,Re-engineered 6thgeneration contingency,https://gregory.com/,"Tough wind present offer road. Task out green.
Suggest animal even pay member general. Machine suffer term church different. Put whose agreement prevent action war. Course only grow establish.",Intermediate,Spanish,274,37,2018-11-06 10:05:20,2019-12-15 07:14:05
25,Stand-alone composite project,http://www.goodman.com/,"Growth report ok eight its century rich. Feel to number business process market back. Financial edge position letter she.
Learn increase piece step. Forward modern stand return.",Intermediate,Spanish,197,46,1976-09-09 12:42:25,2003-02-09 20:18:24
26,Re-contextualized grid-enabled moderator,https://russell.com/,"Yeah cost by community.
Many yeah admit ever environmental both. Begin prepare pattern administration box simple lawyer.",Intermediate,French,104,23,2013-03-06 03:31:50,2008-05-15 09:10:24
27,Decentralized 3rdgeneration encoding,http://parks.com/,Which month toward character produce become. Offer technology chair election allow including left.,Intermediate,German,185,37,1996-09-23 02:37:35,2003-01-21 08:27:45
28,Visionary high-level contingency,https://www.brown.biz/,"Wish public even trade story. Right most discover economy arrive.
Bit personal determine let impact. Sea brother any hot after point somebody. To activity production state can option series.",Intermediate,English,492,21,2013-09-02 20:47:50,2019-11-22 03:37:05
29,Reduced solution-oriented throughput,https://www.morris.com/,"Next relate inside Democrat.
Big serve time that next without. Magazine key pretty.
Join half nothing. Will tell focus. Money avoid number everyone wear operation already.",Intermediate,English,141,37,1974-08-02 20:47:05,1999-12-26 16:50:29
30,Enterprise-wide didactic throughput,http://garcia.biz/,"Require road decide early protect. Sort nation tend them. Offer expect even star nature special treat mention.
Century him pattern myself old. Those strong per final describe fill.",Advanced,German,358,5,2011-01-17 21:18:57,1972-01-09 00:46:14
31,Integrated high-level utilization,https://www.garcia.com/,"Cultural where join. Now hold raise quality.
Their floor modern light class. Truth Congress he population school right rich agency. Peace them military fact memory reason away.",Advanced,Japanese,363,25,1972-11-29 04:28:38,1988-04-01 03:45:15
32,Robust static ability,http://wright.com/,"Without wide face air real avoid threat. Serve however stage door. Already science it fish shake around style.
Total middle four song into other. Suggest glass accept pick player care.",Advanced,English,367,21,2005-06-08 22:03:41,2014-08-17 18:16:00
33,Diverse intermediate monitoring,https://www.martin.biz/,Environment decide feel including upon general. Short edge form bill senior country it. Sort ago human cultural able reach.,Intermediate,French,366,37,2018-03-12 01:22:36,1975-07-23 06:33:42
34,Diverse logistical complexity,http://www.johnson.info/,Forget commercial arrive skin kid. Measure plan popular teach action day challenge section. Data from particularly recognize save customer question administration.,Beginner,Tamil,195,29,1998-02-08 03:40:51,2008-05-04 04:18:28
35,Sharable stable open system,https://meadows.com/,"Middle stay Democrat long address lead run. Sing nor off sure operation bad you.
Doctor face relate husband democratic into on. Stop area never option ready stage.
Individual occur join very.",Intermediate,Japanese,119,16,2012-07-28 04:41:52,1973-07-28 17:38:35
36,Adaptive exuding paradigm,https://www.hanna-washington.com/,Democrat above despite two make. Information chance stock several many summer kid candidate. Range surface stay several manager marriage about instead.,Intermediate,Japanese,339,36,2019-09-02 11:07:07,1981-12-21 21:00:20
37,Public-key intangible workforce,https://curry-smith.com/,"Think both air skin four. Member image big develop.
Poor present make discussion.
Single or second few. Again relate ago pass allow word discover fish.",Intermediate,Japanese,127,16,1984-10-18 03:41:11,1970-01-21 16:06:31
38,Cloned explicit customer loyalty,http://lucas.net/,"Few area religious ground all wrong. Record himself positive region difference head expect. Join own religious.
Investment arm could produce able administration. Rich shake report quite.",Beginner,Spanish,354,30,1989-11-20 06:25:29,2008-03-18 20:29:55
39,Diverse impactful application,https://www.armstrong.net/,"Cause central piece may but. Eye box question position laugh this along.
Guess clear cover draw improve pick assume past. Effort imagine forward take.",Advanced,French,240,28,1992-03-17 22:36:49,1971-08-06 13:18:42
40,Upgradable cohesive framework,https://atkinson.com/,Let protect TV concern authority. Color participant wall stay simply represent understand. East eye notice hundred its leg quality.,Beginner,Tamil,81,17,2013-06-14 16:13:47,1984-04-23 11:22:55
41,Intuitive human-resource monitoring,https://www.lee.org/,"Trouble happen wish act already. About onto citizen PM.
Sense rule coach picture the experience.",Intermediate,Japanese,250,18,2007-05-14 10:49:41,1970-10-19 16:58:20
42,Profound interactive installation,https://skinner.com/,"Sort box indeed natural feeling notice. Out radio floor can likely office base.
Their anyone themselves point would. Always hope our inside get.
Minute meet ever site bad Mrs agreement.",Advanced,German,56,6,1995-08-17 08:39:40,2003-06-05 23:59:19
43,Ergonomic well-modulated framework,https://www.villanueva.com/,Condition large teach allow. Interesting moment able benefit letter arrive. Finally blue main station character realize.,Beginner,Hindi,102,6,1986-09-21 10:19:29,2019-06-02 21:45:28
44,Fully-configurable upward-trending attitude,https://evans.com/,Prevent agree plan leader director also explain cell. Figure south Congress civil necessary. Participant financial our deep area gun.,Beginner,Japanese,434,33,2015-03-15 08:40:43,2019-12-04 19:37:58
45,Cloned uniform success,https://holder-mason.com/,Control standard north remain hold smile our large. Baby yes cultural choose.,Advanced,Spanish,341,48,1985-10-19 06:53:43,2011-11-25 01:59:41
46,Function-based systemic support,http://www.edwards.com/,"Environment prepare do if necessary. Actually defense make official himself capital sense. Research however often radio.
Subject five explain author enough. Total produce meet too.",Advanced,German,477,33,2001-08-12 18:15:11,2023-09-12 00:01:27
47,Open-architected 24hour budgetary management,http://mcmillan.net/,"Future piece concern out. Hit side fill way consumer moment fact. Seek might drive anything leave.
Artist information protect mean. Oil southern require yes. Though mouth idea election art big seat.",Beginner,Japanese,429,34,2000-06-04 12:52:18,1973-07-26 12:40:57
48,Fundamental methodical policy,http://www.randall.com/,"Crime especially war. Floor project address black.
Onto technology almost out top reflect every air. Series any according computer control I. Environment quite quickly environment admit answer.",Intermediate,French,208,24,1999-09-01 02:34:45,1999-01-06 20:52:52
49,Realigned encompassing flexibility,http://mejia.net/,Huge garden cover begin news to. Part skill population catch street run. Main senior important else need onto collection. Drive free anything window.,Intermediate,English,491,46,1988-05-31 19:07:55,1995-09-19 11:27:04
50,Multi-tiered reciprocal hardware,https://moss.info/,Test usually not happen particular meeting experience. Reveal decide of apply tend forward. Part author already discuss international occur however.,Advanced,Japanese,464,42,1976-10-25 13:22:54,2001-09-21 02:36:36
51,Function-based even-keeled initiative,http://hogan-mcbride.org/,"Really continue green son. Enough soon team city her. Onto strong budget age involve.
Parent receive that clear space few. Save center explain floor. Radio us safe perhaps evidence strategy pattern.",Advanced,Tamil,459,40,2006-09-09 04:47:19,2016-11-18 06:29:51
52,Polarized cohesive installation,http://www.coffey.com/,"Account type grow certainly street many reduce.
Impact their ability inside agree history. End one quite officer shoulder. Statement he growth rate agent eye.",Beginner,Japanese,429,34,1978-12-24 13:01:03,1997-10-06 11:33:09
53,Total contextually-based Local Area Network,https://steele.biz/,"Bad issue but want take measure house.
Eat resource spend what late big hour. Term sense sort.
Too poor heavy information. Debate worker response most identify mean surface assume.",Advanced,Hindi,312,5,2020-10-17 20:36:26,1993-10-02 09:28:38
54,Inverse bifurcated adapter,http://www.mendoza-wood.org/,"Letter member former allow. Little on real arm lose same.
Take it avoid onto cause accept data. Allow happen what serve media strategy outside. Item wonder see music doctor room.",Advanced,French,456,14,2019-11-04 19:36:25,2010-12-31 22:44:01
55,Devolved system-worthy service-desk,https://sullivan.org/,Cell either century find technology hand. Young until moment foreign analysis campaign trade. Modern enough check less.,Beginner,Spanish,222,35,2018-05-05 14:20:30,1987-02-22 14:49:09
56,Reduced well-modulated approach,http://www.peck-richards.com/,"Sense but catch arrive cause.
Form bill kid bad son call. Hospital develop trial trouble agency. Fight win culture picture.
Drive owner sea tree Mrs main. Purpose truth cell film land tree.",Advanced,Spanish,357,47,2022-10-10 15:31:48,2002-06-08 08:14:03
57,Mandatory secondary installation,http://www.griffith.biz/,"Believe behavior political process free.
Shoulder inside arm company person. Public less quite matter article source start tree.",Beginner,English,350,27,1992-10-27 22:26:21,1998-03-07 05:02:37
58,Progressive context-sensitive budgetary management,http://carlson.net/,Against trade notice month thought including claim. Trouble media space bank turn wonder. Beyond fall technology collection mouth live sport rest. Low will much economy positive during garden.,Advanced,Hindi,238,14,2005-11-03 15:51:22,1976-08-23 21:48:32
59,Proactive system-worthy encryption,http://www.osborne.net/,Thousand behavior design institution stop. Evidence toward relate create might art military economy. Explain half piece risk paper. Movie artist care suggest effort player.,Advanced,Tamil,107,44,1979-10-02 22:43:17,2018-03-14 09:17:47
60,Implemented systemic software,https://williams-powell.org/,Worker local one agency these. Pick cultural four else method ready fire. Foreign easy state true note you research simple.,Intermediate,Hindi,110,7,1991-02-14 14:13:47,2021-05-13 12:01:58
61,Cross-platform 5thgeneration approach,https://www.brown-cross.org/,"Fly operation everything however.
Woman everything plan such sign. Whether together generation show under speech.
Smile ahead road general your treat. Development time reveal.",Beginner,French,449,30,2014-10-07 17:43:33,1984-12-14 04:02:29
62,Vision-oriented intangible artificial intelligence,http://www.hall.com/,"Off stand high dinner drop write.
Idea weight several decide. Activity huge program memory far avoid maybe. Even state reach teach land generation certainly.",Beginner,Hindi,176,44,1987-09-27 17:43:57,2019-11-19 18:32:22
63,Cross-platform motivating core,https://cole-stewart.com/,Cause remember forward may say try. Evening western nothing develop color yes available. Professor weight until answer politics third trip.,Beginner,English,209,50,1994-11-06 21:59:36,1987-05-14 12:46:34
64,User-friendly dynamic orchestration,http://morgan-anderson.info/,Full serious positive seven. Single price pressure operation have worker rather. Although response community name.,Intermediate,English,227,15,2006-04-14 09:40:05,2023-01-17 01:55:53
65,Re-engineered multi-tasking matrix,https://meyer.net/,"Worry often home like. Hospital political either especially sea.
Remember your technology. Policy try response garden until tonight program responsibility.",Advanced,Hindi,361,47,1970-01-08 06:10:19,1983-02-14 11:45:57
66,Virtual context-sensitive architecture,http://wilcox-johnson.info/,Actually hospital project. Small news remember describe. Learn paper appear continue success.,Advanced,English,296,41,1976-01-16 03:05:08,2018-03-21 15:36:37
67,Reactive didactic encoding,https://gutierrez.com/,"Time side system mouth think despite floor. Beat store agreement participant.
Relationship operation anyone off your. With more federal material.",Advanced,Tamil,471,38,2001-11-04 06:53:06,1971-10-03 21:30:17
68,Horizontal content-based Local Area Network,http://www.jenkins.org/,"Draw already meeting story clearly. Officer star computer.
Race true may charge citizen. Decide knowledge Mrs environmental day. Billion up small assume.",Beginner,Tamil,459,13,1998-02-20 23:20:49,1983-08-14 17:05:12
69,Pre-emptive context-sensitive customer loyalty,https://jacobson.net/,Ago tonight maintain take over other go. Throw message without yet. Why model government level note young.,Advanced,French,112,16,1974-05-05 18:22:38,2022-10-01 05:18:07
70,Cross-platform didactic Local Area Network,http://harris.com/,"Soon wrong sure resource. Sign Congress maintain himself team time different board.
Discover oil do speak. Spend set difficult commercial lawyer not soldier. Itself Mrs seem name everyone after.",Advanced,Tamil,248,11,2023-07-19 05:05:31,2022-07-09 10:21:06
71,Horizontal optimal pricing structure,https://jackson.com/,Firm social respond human television. Plan put subject where site career.,Beginner,Spanish,267,30,1975-09-08 16:03:38,1984-08-22 08:05:52
72,User-friendly next generation contingency,https://lewis.com/,Glass receive shoulder. See before that nearly baby really. I benefit officer act popular whatever father.,Intermediate,Tamil,79,46,2014-09-08 21:30:40,2011-05-23 17:17:54
73,Open-source 24hour ability,https://www.smith.info/,Type politics area ahead that education. Better strong guess land name themselves position member. Whether wrong continue well unit should. Lay benefit five check level Congress start.,Intermediate,English,128,50,1991-02-21 13:09:14,1975-06-05 17:27:09
74,Phased heuristic emulation,https://www.hunter.com/,"Realize item hour. Be focus brother small form.
Authority on point draw. Trouble manager address good beautiful.
Another way staff cost occur. Lot walk power difficult ago.",Beginner,Spanish,326,27,1990-06-11 09:12:00,1976-07-15 00:33:44
75,Mandatory hybrid help-desk,https://christensen-hunter.biz/,"True manage staff never morning appear. Develop number resource off argue foreign.
Edge physical everyone door responsibility effort system. Baby act official central race health responsibility.",Advanced,Spanish,425,20,2020-02-16 05:55:45,1990-03-06 21:44:33
76,Persevering upward-trending capability,https://thomas.com/,Other admit road blue. Raise job field up majority. Sense stand enough thus court.,Intermediate,Japanese,264,26,1982-10-14 17:04:12,1979-12-29 02:16:39
77,Profit-focused client-driven workforce,https://richardson-roberson.com/,Our animal fund price employee send ten. Important newspaper discover project bit political deep. Own doctor like. Politics hotel add arrive management.,Beginner,German,340,24,2005-11-21 11:29:13,1988-01-21 23:03:04
78,Universal mobile workforce,https://lopez.com/,"Simply exactly population bad. Generation final role guy.
Culture imagine peace. Anything because head author agent memory professional.",Advanced,Tamil,99,45,1997-03-18 09:33:39,1982-09-22 04:54:30
79,Fundamental cohesive circuit,http://bennett-reeves.com/,"Future perform why cause smile program certainly. Organization city hit soldier order. Movie professor finish everyone set race.
Assume standard consumer instead. Face walk respond different.",Beginner,German,270,22,1986-12-16 06:55:45,1977-03-01 11:32:31
80,Decentralized empowering forecast,https://smith-newman.com/,"Over within perform out increase state indeed. Tax prepare likely possible.
Put simple offer woman. Significant position realize nation. Same yard cost.",Beginner,French,158,10,2012-07-02 23:26:06,2017-09-16 02:38:58
81,Balanced web-enabled conglomeration,https://mendoza.com/,"Music wonder although. Peace expert detail day all can.
As section night. Down much yet heavy.
Girl station relate. Weight picture time region environmental. Modern available key computer region.",Beginner,Hindi,301,6,2021-05-04 23:54:12,2011-08-26 21:17:16
82,Cloned logistical project,https://munoz.net/,Scientist quite development policy ago room seven thank. Sign bar hand seat style cultural. Threat also successful. Watch able color south.,Intermediate,Hindi,127,15,1990-11-15 16:32:27,2011-11-30 08:19:26
83,Progressive real-time orchestration,http://figueroa.biz/,"Six man agreement development. Vote financial minute law head future.
Research but discussion prepare I cause. Animal movement leg myself figure hit.",Beginner,Tamil,438,39,1989-01-22 16:41:18,2014-01-10 12:55:10
84,Profound demand-driven project,http://www.diaz.org/,"Wear low suggest others true. Dark beyond offer guy she. Way beat technology.
Out high near before public read. Other herself example.",Advanced,Japanese,454,5,1996-11-20 16:06:18,1993-08-09 10:34:38
85,Polarized zero administration structure,https://www.horton.net/,"American spring away probably hundred. City meeting process but financial black pretty.
Report politics bill peace evening. Often team public. Bit energy purpose support beat hit hope.",Beginner,Tamil,41,40,1986-01-04 08:03:01,1993-02-15 07:30:19
86,Polarized bandwidth-monitored frame,https://www.morris.org/,As player chair may difference stay school sister. Without modern production. Art one law concern peace do president.,Advanced,Spanish,182,7,1971-09-21 22:56:55,1980-04-09 15:44:08
87,Assimilated intangible website,https://www.cooper.com/,"Should identify rule talk later. Her care anything social them. Court possible me little already near.
Group yeah raise before number. Be south police. Standard itself main next.",Beginner,Japanese,312,23,1979-09-21 22:01:27,1983-06-20 20:34:05
88,Robust heuristic initiative,http://ortiz.com/,"Read themselves that understand. Recognize imagine expert care discussion. To defense time particularly analysis.
Step box bag. Growth off democratic couple discover need. Drug year best suggest.",Intermediate,French,34,36,1991-11-10 07:27:25,1971-01-10 23:02:14
89,Universal real-time orchestration,https://www.hall.com/,"Different teach table. Have rather line six teach.
Key business south identify hot better security yet. Message body require take key lot white.",Intermediate,English,283,50,1980-04-12 14:50:21,2018-08-30 14:38:09
90,Up-sized intangible emulation,https://www.cunningham.info/,Clear technology have voice. Require oil from run daughter soon. Indicate large coach forget same policy must.,Intermediate,Spanish,246,15,1983-09-27 08:43:16,1973-09-07 10:14:08
91,Face-to-face dynamic migration,http://hicks.com/,"Happy mind himself let. Economy reach choose say interesting whatever.
Above under operation office lead through money. Recent direction with.",Beginner,German,43,13,1998-06-11 21:52:17,1997-04-06 05:47:15
92,Digitized impactful challenge,https://www.alexander.net/,Stage simply take military around risk likely. Who according themselves financial modern. Despite weight large same.,Advanced,Tamil,56,21,1976-07-03 03:43:03,2022-02-20 21:30:03
93,Expanded disintermediate migration,http://ibarra.com/,"Pay project what owner. Least election about wish. Fire field truth teach table hard.
Allow accept no it team table wait challenge. Natural rule know natural easy rate home.",Advanced,Hindi,138,38,2018-03-10 07:46:25,2018-01-25 09:05:14
94,Distributed content-based ability,https://conley-armstrong.com/,"Short peace many song. Build research in fear her knowledge value may.
Leg position magazine bag will. Laugh maintain its particular minute safe. Human police much leader western follow force.",Beginner,Hindi,481,9,2023-04-16 02:11:40,2015-04-01 00:20:44
95,De-engineered stable knowledge user,http://villarreal.info/,"Line people theory especially answer new. Actually effect already speak glass center left.
Nearly represent no apply color. Staff painting keep per major. Mother reach customer serve manager.",Intermediate,French,443,13,2006-10-07 13:53:28,2015-10-20 17:33:47
96,Multi-layered uniform capacity,https://www.becker.info/,"Sound evidence road choose. Yet important up cup.
Happy half service station. Fill whose cold cup administration knowledge religious.
Teacher behavior force increase.",Beginner,Spanish,110,32,2010-11-06 03:44:40,2001-10-08 04:03:01
97,Robust multi-tasking definition,http://www.glenn.com/,"Marriage last political hotel director next brother. Age expect play language nice manager. Relationship capital throw tell approach thought.
Fine window nice theory evening.",Beginner,English,209,32,1996-04-07 21:07:58,2000-12-24 12:54:05
98,Re-engineered bottom-line strategy,https://www.norris.org/,Thus best capital perform both their. Spend not east relationship role hear describe. Street attention simple four.,Beginner,German,299,30,1986-02-20 10:40:54,2019-03-09 01:40:53
99,Proactive client-driven matrices,https://www.hayes.com/,Them fire company. Drug use purpose suggest because. Place edge consider ready alone authority training.,Intermediate,Tamil,171,5,2016-05-04 14:28:17,1989-09-21 19:54:20
100,Face-to-face methodical attitude,http://www.dawson.net/,Old anyone character risk turn skill lose. Television friend personal gas politics give yard. Guy work claim still election.,Beginner,Hindi,499,40,2000-09-23 04:47:01,1975-09-12 02:36:40
101,Balanced attitude-oriented info-mediaries,https://www.davis.biz/,"Trial realize sure have take lead want. As think act lose far analysis. Unit million edge threat ground.
Develop herself play probably feeling. Student possible trip expert though look.",Advanced,Tamil,126,7,1973-03-20 07:17:39,1970-01-16 10:48:41
102,Business-focused uniform complexity,https://www.hebert.org/,Walk everything fear simple thing look fly. Unit trip stuff century want activity admit. Budget business plant nice central.,Intermediate,Japanese,234,28,2013-11-24 09:10:44,2018-09-08 04:48:41
103,Robust eco-centric support,https://smith-ingram.info/,"May provide almost special region use world. World check prepare style. Wall performance serious.
Every suffer town born authority people put. Ever side cell eat maintain woman.",Advanced,German,79,44,2012-07-29 13:43:56,1987-02-28 13:40:06
104,Pre-emptive fault-tolerant customer loyalty,https://shaw.com/,Prepare likely social especially bill. Central our situation firm. Order matter treat call TV quite only.,Intermediate,English,499,21,2005-11-15 15:26:53,2003-09-20 12:58:18
105,Enterprise-wide methodical ability,http://ward.com/,"Forward mouth do something audience. Walk north window spend executive character never.
Use build camera prove room. Always foreign argue energy. Action season soldier.",Beginner,Japanese,183,45,1978-12-21 15:04:32,2007-06-14 15:51:23
106,Open-source needs-based firmware,https://www.howard.net/,Positive professional field beyond probably south assume. Own mean step nothing guy involve interesting. Them suffer area end.,Intermediate,French,166,33,2001-09-10 10:13:56,1971-08-12 15:33:51
107,Networked hybrid monitoring,https://www.brown-willis.com/,"Last you organization. Design push determine what factor say.
Nearly item apply catch well. Crime option free fill education.",Beginner,French,164,22,1974-01-16 12:29:14,2021-03-23 17:00:05
108,Mandatory tangible function,https://jones-martin.org/,"Growth more wait budget include.
Fish whether probably task decision information. Shoulder possible prepare some. Billion pay knowledge study.",Beginner,French,129,43,1979-06-23 01:01:57,2001-11-25 15:50:15
109,Universal 24/7 framework,http://www.chavez.info/,"Institution onto meet decision later fight subject. Arrive if hundred ask if mission play.
Information store together whole trade senior city. Catch election side pass evidence place.",Advanced,Tamil,57,34,2010-07-24 18:42:56,2011-07-18 02:23:30
110,Operative exuding focus group,http://mcdaniel.net/,"Win though no property war mouth. Believe sit watch of live.
Ok wonder billion we especially for key. Part hot range carry live.
Position strategy arm want window return book. Him space attack gun.",Intermediate,Spanish,125,14,1976-08-14 01:04:21,1970-06-15 05:00:27
111,Quality-focused dedicated concept,http://www.smith-figueroa.com/,"College then long form amount. Organization find employee speech song moment. Common argue father close they.
From with bill mention. Sort process pretty several.",Beginner,Japanese,46,25,1985-09-03 01:13:42,1978-10-04 12:48:45
112,Polarized next generation solution,http://salazar.com/,"Congress certainly view owner their maintain wear. While performance brother music different movie customer. Detail what his.
Want rest difficult. Player common many inside level about.",Beginner,English,447,17,2020-07-29 12:41:09,2023-04-02 06:58:31
113,Object-based impactful solution,https://middleton.com/,"Improve couple better movement card record within. Too member network visit.
Spend audience style out nor something somebody. Center on child you. Easy soldier production much together.",Beginner,Tamil,44,25,1993-06-30 08:30:27,2019-11-16 06:33:45
114,Assimilated contextually-based forecast,http://www.knapp-gonzalez.info/,"Go professor them kid radio over movie. Thank from evening leg individual.
Level training only down note individual.",Intermediate,Spanish,351,47,1979-08-11 22:52:37,1993-05-07 03:16:36
115,Extended object-oriented focus group,https://moody.net/,"Same hospital network daughter.
System theory project gun. World who concern.
Thus concern PM today whom Mrs ball.
Run enough require save concern senior story. Test dark common can.",Advanced,Spanish,303,28,1986-03-28 13:42:31,1984-11-27 19:02:01
116,Organic fault-tolerant process improvement,http://www.lee.com/,"Window likely international religious. Second side woman agreement floor.
Until whole economic. Information arrive hope consider three mean travel. Television health pass.",Beginner,German,261,27,2012-03-14 21:58:50,2014-02-13 08:29:09
117,Face-to-face 24/7 emulation,http://johnson-smith.com/,"Challenge scene quickly instead military. He direction represent election often ahead cover music.
Go trial think stop. Staff analysis think produce range environmental. History his number reduce.",Intermediate,German,264,17,1973-11-23 13:48:10,2006-02-15 10:59:06
118,Multi-channeled incremental middleware,http://price-west.com/,"Everything with certainly carry personal. Democrat property discuss TV.
Learn best off might notice. Pull without church goal mission rest. Tree can quite put series.",Beginner,Japanese,168,32,2019-05-04 04:05:46,1976-06-14 18:40:56
119,Organic demand-driven framework,http://griffin-collins.info/,Someone name entire often mention mother risk rather. General population four law up car organization safe.,Advanced,Hindi,379,25,2003-07-25 12:00:15,2002-05-09 19:44:12
120,Compatible executive monitoring,http://www.savage.biz/,"Dinner serious baby seem minute understand man.
Write change itself now very. Although perform hour focus. Debate such foot join because from quickly.
Despite natural research war beautiful student.",Advanced,Hindi,205,15,2011-08-05 17:37:02,2011-03-31 06:32:56
121,Virtual mission-critical methodology,http://www.goodman-sloan.com/,Score election from Congress. Knowledge top cold phone. Or fight military over garden.,Intermediate,Hindi,53,46,2011-11-26 01:31:07,1984-11-09 16:31:21
122,Ergonomic reciprocal task-force,http://johnson.com/,Process wait happen establish. Military cover possible window. Media unit course any soldier single.,Intermediate,Spanish,242,26,2013-11-19 12:57:01,2022-12-18 19:14:11
123,Ergonomic multi-state data-warehouse,http://caldwell.com/,"Event buy option low last. Include total rise both born.
Should event north money sometimes result. Education hope away fight form where else response. Her within over sing.",Intermediate,Japanese,234,33,1991-08-06 01:44:06,1981-03-16 19:28:42
124,Face-to-face discrete collaboration,http://www.moore.biz/,Later adult indeed piece voice ahead today. Daughter sometimes establish onto total system Democrat need.,Beginner,English,239,43,2016-11-16 04:18:29,2001-05-11 01:32:01
125,Extended reciprocal groupware,http://golden-lopez.com/,"Great big country group. Miss term friend great. Learn interest both.
Anything apply at soon role watch.
Free tree protect opportunity final fear benefit. Them wish from in Mr value us.",Beginner,French,105,14,2006-09-22 11:10:08,2005-05-16 03:11:02
126,Seamless contextually-based encoding,http://moyer.net/,"Food style decision western. Build positive laugh space.
Learn job factor often. Employee however world raise food. Final down store specific seek discover vote.",Beginner,English,353,47,2015-11-18 23:28:34,1975-06-02 03:05:24
127,Face-to-face multi-tasking data-warehouse,http://www.hall-smith.biz/,"Family lead staff during marriage fire. Us cell turn across.
Stage head perform already. Church professor seat.
Consumer five put ball white protect.",Intermediate,Tamil,349,16,2011-06-15 04:17:42,2010-08-06 05:27:50
128,Up-sized homogeneous service-desk,https://lopez-arnold.com/,"Make care report. History reality loss how how.
Meeting out unit lot. At try rather worker.
Offer key edge effect think base finish.",Beginner,Spanish,160,15,1982-08-03 15:52:07,2001-04-29 04:50:41
129,Diverse real-time leverage,http://doyle-jones.org/,"Past art arm north among cut.
Arrive sister give other wind.
Ready prevent dark. Service read everything hundred since. Democratic add agent car.",Advanced,Japanese,166,26,1988-09-11 14:42:46,1994-12-25 20:29:39
130,Devolved fresh-thinking intranet,https://zimmerman-perry.net/,"List trip majority college themselves.
Particularly along whatever north leave identify candidate. Human alone structure in.
Talk down thing sort arm wife hold. Nothing in leg friend knowledge.",Advanced,French,445,19,1983-06-19 21:43:06,2008-02-11 03:55:19
131,Ergonomic upward-trending application,https://moss.com/,"Side suggest your fill area cut. Charge perhaps moment the. Difficult off dinner throughout as.
Low body program develop smile. Law their manage hospital because. Speech among turn.",Advanced,German,121,17,1991-03-05 14:25:01,2012-02-05 18:23:59
132,Horizontal maximized array,https://hernandez.biz/,Hand newspaper conference what everyone nor important line. State whether car race. Window prepare think.,Advanced,Hindi,391,16,2023-10-01 23:02:40,1995-10-29 21:56:05
133,Streamlined well-modulated definition,http://www.sanford-fisher.info/,"Bring win than. Individual adult letter. Because natural sure when.
His modern drive simply oil attention. Tough million character most too respond say pressure.",Advanced,Spanish,70,31,2024-07-07 09:07:55,2004-12-06 06:51:47
134,Fundamental methodical functionalities,https://obrien.com/,"Necessary but idea Democrat ready could none.
Light ground toward itself before how language. Indeed board resource include way kid. Number type simply travel kid.",Beginner,German,337,12,1978-05-19 14:25:56,1973-07-12 15:12:08
135,Networked bi-directional alliance,https://www.carroll.com/,"Early above trouble step. Mention degree seek last.
General clear important. Music line best foreign surface process child. Fire wife people newspaper. Trip southern least war write happen.",Advanced,Japanese,157,6,1988-10-08 09:27:57,2021-01-26 08:16:44
136,Self-enabling tertiary solution,http://cox-benson.com/,"Street physical beautiful good including price. She talk newspaper stay change worker article. Dog anything practice move upon.
Rich information cold other. Lay new more public.",Intermediate,English,367,20,1977-07-23 19:52:23,2013-01-12 22:00:13
137,Customizable zero administration info-mediaries,https://jackson.com/,Fund whether whom meet current exactly investment. Make very choose simple side prevent sound cause. View meeting authority yet.,Advanced,English,400,31,2017-04-27 11:52:45,2020-09-05 04:45:40
138,Multi-tiered foreground task-force,https://ray.com/,"Amount cut value pay. Himself chance morning.
Organization act trial raise plan buy voice. Energy skill series southern. Begin area soldier rich offer effort everything.",Advanced,Hindi,175,21,1985-07-18 05:31:18,2008-02-27 10:31:41
139,Adaptive impactful algorithm,http://www.vargas.com/,"Road right inside. Simply themselves day identify store.
Present sure finally star everybody important. Truth you rather theory reveal bed executive.",Beginner,Hindi,167,16,1995-09-02 17:20:20,1977-08-16 08:35:39
140,Managed optimizing access,https://www.sweeney.com/,"Language skill expect among TV full bill. Series financial we bill.
Final keep have. Figure especially together rule worker attorney natural.",Beginner,Hindi,111,21,1977-08-10 16:29:28,1986-07-07 13:18:29
141,Re-contextualized bi-directional methodology,http://www.barnes-holmes.com/,"Remember sea throughout fear writer because. Laugh arrive view statement outside hair. Treat force point own.
Matter beat continue nation. Our idea full party even.",Beginner,Tamil,371,41,1973-11-18 19:07:59,2020-07-28 07:17:37
142,Total bi-directional flexibility,https://baker-wilson.com/,"Open conference blue rate difficult. Somebody name father pay air cause explain. Store actually without attack moment machine.
Social whose write special happen.",Intermediate,Spanish,126,21,2015-06-25 02:02:08,1999-06-26 20:30:45
143,Virtual disintermediate secured line,https://french.com/,"Science understand decade tax pull. Start everything worker show part better street.
Lose body off detail. Worry face fall case actually. World fire player college.",Advanced,Japanese,97,36,2010-12-24 14:03:19,1974-10-24 21:02:30
144,Advanced incremental contingency,http://butler-estrada.info/,Office audience contain food. Race now store policy send.,Intermediate,Spanish,267,38,2019-05-08 08:55:33,1976-09-08 04:18:42
145,Future-proofed national concept,https://pena.com/,"Lot month red Mrs it chance south stand. Exactly large budget. Once eight figure.
Million low various let form grow prepare. Public far should beat mind performance focus piece.",Beginner,French,237,46,1986-06-30 22:08:15,1975-02-15 04:52:19
146,Operative solution-oriented definition,https://thompson-collins.com/,"Dark local card travel. Daughter whether such happen.
Civil toward nice because term. The effort talk in leg another meet. Quality her identify save history cup.",Beginner,Hindi,262,41,2013-11-05 18:34:17,1975-05-31 09:03:42
147,Ergonomic foreground matrix,https://www.perez.org/,"Time service million instead anything resource.
Activity describe serve say region thank. Billion career movie great nor building left.",Intermediate,English,121,27,2024-05-05 17:40:23,1982-07-25 16:43:46
148,Virtual composite process improvement,http://www.reed.info/,Other professor example yourself scientist central. Onto concern whatever now modern do. Himself agency address catch each statement. Choose challenge beautiful almost.,Advanced,English,311,17,2002-03-27 01:25:21,1983-08-29 09:42:55
149,Seamless content-based matrix,https://castillo.com/,"Throw tough audience weight. Forward travel American color. How us commercial through.
Entire cold entire fine. Arrive writer form along. Today religious work care meet to.",Intermediate,English,373,39,2000-05-15 21:42:06,1998-10-29 03:50:41
150,Reduced demand-driven ability,https://www.henderson-stevens.com/,Describe compare task feel. Miss source list popular machine where.,Advanced,Hindi,291,13,2022-12-06 08:06:40,2015-07-21 21:19:04
