id,userId,courseId,progressStatus,lastUpdated,modulesCompleted,certificateProof
1,1,39,not_started,2016-10-05 12:24:07,0,https://richardson-mayer.com/
2,1,39,in_progress,1980-06-15 03:19:50,23,https://wright-garcia.com/
3,1,39,in_progress,1995-12-02 04:24:40,9,https://cabrera.com/
4,1,39,in_progress,2001-12-25 07:33:53,15,https://www.chan.com/
5,1,39,completed,2018-08-28 08:19:44,28,https://www.williams.com/
6,2,143,not_started,2023-12-07 20:21:56,0,http://www.hicks.biz/
7,2,143,in_progress,1984-02-13 15:59:47,17,https://www.flores.info/
8,2,143,in_progress,1991-02-17 06:41:45,33,https://www.brown.info/
9,2,143,in_progress,2009-03-20 14:49:44,9,http://mckay-garrett.com/
10,2,143,completed,1996-09-14 15:21:04,36,https://smith.net/
11,2,129,not_started,1994-09-20 02:38:04,0,http://www.sullivan-walters.com/
12,2,129,in_progress,1975-05-20 02:38:36,5,http://hart.com/
13,2,129,in_progress,1974-04-06 03:55:08,16,https://howell.com/
14,2,129,in_progress,1996-09-28 17:38:17,12,http://www.barry.com/
15,2,129,completed,1990-09-10 04:26:04,26,http://www.simpson-andrews.com/
16,3,72,not_started,1987-03-22 20:30:34,0,http://www.fowler.com/
17,3,72,in_progress,1998-06-26 00:12:51,40,http://castro.org/
18,3,72,in_progress,1970-11-07 12:25:51,43,https://www.benitez-roberts.org/
19,3,72,in_progress,1973-03-21 06:54:36,13,http://www.garcia-jones.org/
20,3,72,completed,1989-06-14 05:21:58,46,https://thomas.com/
21,4,70,not_started,2008-03-20 15:47:27,0,http://aguirre.com/
22,4,70,in_progress,1981-05-15 18:09:14,2,https://diaz.com/
23,4,70,in_progress,2016-06-14 19:08:04,4,https://www.weber.info/
24,4,70,in_progress,1998-01-09 17:11:28,5,http://www.vasquez.com/
25,4,70,completed,1976-05-30 08:08:25,11,https://www.murphy.net/
26,4,124,not_started,1986-07-22 07:01:48,0,http://rojas.net/
27,4,124,in_progress,2004-08-26 15:05:02,15,https://edwards-garcia.com/
28,4,124,in_progress,2016-10-20 13:27:42,20,http://www.garcia.com/
29,4,124,in_progress,2024-03-28 10:12:56,8,https://nguyen.com/
30,4,124,completed,1998-05-19 20:34:30,43,http://nelson.biz/
31,5,150,not_started,2008-11-30 19:04:35,0,https://www.smith.info/
32,5,150,in_progress,2002-06-24 01:03:36,7,https://williams.com/
33,5,150,in_progress,1994-02-06 02:35:16,3,https://moore.org/
34,5,150,in_progress,2004-04-07 08:14:54,12,http://www.coffey.com/
35,5,150,completed,2015-07-23 12:33:33,13,http://www.bonilla.biz/
36,6,119,not_started,1984-10-08 07:03:03,0,http://www.daniels-carter.com/
37,6,119,in_progress,2000-11-08 17:31:18,7,http://chung-decker.net/
38,6,119,in_progress,1997-12-09 22:58:02,8,http://wilson-duran.com/
39,6,119,in_progress,1973-02-23 10:56:03,1,https://www.thomas.com/
40,6,119,completed,1990-12-30 21:19:01,25,https://www.waters.com/
41,6,128,not_started,2018-07-05 10:38:10,0,http://www.bryant-alexander.com/
42,6,128,in_progress,1982-04-18 01:44:48,1,https://pace-murray.info/
43,6,128,in_progress,1996-09-14 12:06:24,7,http://www.barrera.com/
44,6,128,in_progress,1987-07-12 22:50:08,9,https://allen.com/
45,6,128,completed,1990-12-18 02:22:05,15,https://macdonald.net/
46,7,19,not_started,2003-09-03 00:22:42,0,https://www.roberts.com/
47,7,19,in_progress,1991-10-14 20:40:48,12,http://campbell-diaz.com/
48,7,19,in_progress,2018-04-13 14:00:50,3,https://walker-hayes.com/
49,7,19,in_progress,2020-03-08 23:47:27,10,https://travis.info/
50,7,19,completed,1980-04-29 03:50:31,18,https://www.clark.info/
51,8,39,not_started,2022-12-06 10:46:06,0,https://harvey.com/
52,8,39,in_progress,2019-09-28 04:51:19,27,https://barnes-patrick.biz/
53,8,39,in_progress,1999-01-24 10:48:46,7,http://underwood.biz/
54,8,39,in_progress,2003-10-03 00:16:05,8,http://www.rogers-miller.com/
55,8,39,completed,1998-03-12 01:40:49,28,http://www.nelson.com/
56,8,106,not_started,2008-04-30 11:07:40,0,http://www.fields-cantu.org/
57,8,106,in_progress,1992-03-17 16:28:43,3,http://cordova.com/
58,8,106,in_progress,2000-07-07 10:36:02,4,https://nguyen.com/
59,8,106,in_progress,1985-01-12 15:11:05,17,https://richmond.org/
60,8,106,completed,2009-02-05 12:28:06,33,http://www.gomez-snyder.info/
61,8,53,not_started,2022-06-29 10:06:28,0,https://www.berry.com/
62,8,53,in_progress,1970-05-25 21:40:49,1,http://griffin.com/
63,8,53,in_progress,2010-08-21 21:27:18,1,https://ware.com/
64,8,53,completed,1991-06-05 05:31:04,5,https://www.garcia.com/
65,8,53,completed,2004-12-23 18:48:44,5,https://www.perez.com/
66,9,67,not_started,1982-04-27 05:47:47,0,https://www.hall-choi.com/
67,9,67,in_progress,1974-10-17 15:13:57,28,https://walker-compton.com/
68,9,67,in_progress,2003-03-02 15:59:01,17,http://miller.biz/
69,9,67,in_progress,2014-08-14 09:40:19,32,http://brewer-melton.com/
70,9,67,completed,2020-03-01 01:46:57,38,https://gross.com/
71,9,40,not_started,1970-10-15 18:51:58,0,http://www.guzman.com/
72,9,40,in_progress,1983-01-15 07:29:32,5,https://valdez.com/
73,9,40,in_progress,2001-12-03 10:42:20,4,http://black-arnold.com/
74,9,40,in_progress,2002-03-22 18:51:22,15,https://www.dyer.com/
75,9,40,completed,1992-02-17 06:53:06,17,http://luna-everett.info/
76,9,94,not_started,1970-06-18 23:21:49,0,https://peterson.com/
77,9,94,completed,1971-05-30 03:21:00,9,http://alvarado.net/
78,9,94,in_progress,1970-04-04 00:10:43,2,http://taylor.info/
79,9,94,completed,2014-01-12 05:42:44,9,http://bray-lopez.com/
80,9,94,completed,1983-01-04 10:43:58,9,http://www.powell-morgan.net/
81,10,44,not_started,2001-11-12 15:37:22,0,https://king.com/
82,10,44,in_progress,2023-10-24 20:00:40,30,http://allen.com/
83,10,44,in_progress,1973-08-14 12:42:42,27,https://martin.com/
84,10,44,in_progress,1987-06-18 18:18:07,25,http://george-smith.org/
85,10,44,completed,2003-08-20 11:03:33,33,http://baker.com/
86,11,13,not_started,1989-09-21 04:43:33,0,https://www.weaver.com/
87,11,13,in_progress,2000-05-16 23:45:53,30,http://www.ward.com/
88,11,13,in_progress,2020-08-05 15:43:16,1,http://smith.com/
89,11,13,completed,2017-03-26 22:18:27,42,http://simmons-smith.com/
90,11,13,completed,1987-08-09 16:59:12,42,https://haas-lucero.com/
91,12,61,not_started,2022-06-04 22:12:00,0,http://brown.com/
92,12,61,in_progress,2000-11-26 08:28:33,7,http://randall-carson.biz/
93,12,61,in_progress,2003-06-23 03:01:51,14,https://harris.org/
94,12,61,in_progress,2004-02-23 02:21:45,10,http://www.george-huynh.com/
95,12,61,completed,2024-06-09 20:43:12,30,http://conrad.com/
96,12,95,not_started,1988-01-18 23:11:18,0,https://hill.com/
97,12,95,in_progress,1986-10-18 01:31:13,9,https://www.gross.net/
98,12,95,in_progress,2017-11-23 14:33:57,1,http://evans-williams.com/
99,12,95,in_progress,1975-07-22 17:37:42,12,http://perez.org/
100,12,95,completed,1992-12-11 15:48:09,13,https://mullen.biz/
101,13,16,not_started,1973-04-02 06:12:30,0,https://ayers.com/
102,13,16,in_progress,2019-12-28 00:02:44,19,https://www.moore.com/
103,13,16,in_progress,2017-04-17 08:17:49,16,https://bradshaw-williams.com/
104,13,16,in_progress,1986-12-25 03:58:15,29,http://richards.biz/
105,13,16,completed,2013-12-08 03:59:00,48,https://franklin.org/
106,13,149,not_started,1981-03-06 16:45:22,0,https://www.daniels-taylor.com/
107,13,149,in_progress,2009-04-24 08:12:33,14,http://garza.com/
108,13,149,in_progress,2004-02-07 08:24:09,20,https://lynch.com/
109,13,149,in_progress,1973-02-23 19:59:24,3,http://www.browning.info/
110,13,149,completed,2021-02-06 04:44:34,39,http://www.thompson.com/
111,13,66,not_started,1973-06-03 21:00:37,0,https://mccormick.com/
112,13,66,in_progress,1976-01-03 13:27:30,19,https://www.martinez.biz/
113,13,66,in_progress,1978-03-16 19:17:38,31,http://www.martinez.com/
114,13,66,in_progress,1972-01-19 18:34:25,3,https://lewis.com/
115,13,66,completed,1983-12-19 03:35:34,41,http://mack.info/
116,14,103,not_started,2014-07-08 17:13:30,0,http://gardner.com/
117,14,103,in_progress,2013-10-14 17:58:26,28,http://white.org/
118,14,103,in_progress,1979-08-28 12:05:25,5,https://galvan-harrison.com/
119,14,103,in_progress,1988-05-15 01:31:56,40,http://davenport.net/
120,14,103,completed,2015-12-02 23:58:56,44,http://austin.info/
121,14,75,not_started,2018-07-23 14:09:59,0,http://carey.com/
122,14,75,in_progress,2012-10-05 13:05:27,3,https://payne-juarez.com/
123,14,75,in_progress,1984-08-06 19:39:50,3,https://www.martinez.com/
124,14,75,in_progress,1977-09-24 13:41:43,5,http://ponce.com/
125,14,75,completed,2024-09-14 21:31:35,20,http://lawson-fletcher.net/
126,15,115,not_started,1975-05-09 02:32:18,0,http://pena-edwards.com/
127,15,115,in_progress,1971-06-15 19:32:13,15,http://www.mccarthy.net/
128,15,115,in_progress,2000-10-21 09:54:32,24,https://west.org/
129,15,115,in_progress,1970-12-27 01:41:36,14,http://davis.com/
130,15,115,completed,2017-08-25 15:50:34,28,http://johnson-elliott.biz/
131,16,112,not_started,2009-02-14 23:54:29,0,http://bonilla-romero.net/
132,16,112,in_progress,2008-10-20 07:02:44,6,http://hamilton-figueroa.biz/
133,16,112,completed,1978-01-25 04:56:33,17,https://tucker.com/
134,16,112,in_progress,2018-11-16 03:45:18,2,https://www.miller.com/
135,16,112,completed,1990-09-21 20:31:59,17,https://knox-mahoney.com/
136,16,96,not_started,1999-03-22 11:37:40,0,https://phillips-greer.com/
137,16,96,in_progress,1972-02-21 18:50:50,31,https://www.gonzalez-prince.org/
138,16,96,in_progress,1971-12-24 10:37:32,30,http://osborn.biz/
139,16,96,in_progress,1986-01-15 15:35:27,25,http://www.barnett.biz/
140,16,96,completed,2018-10-19 16:15:28,32,https://hodge-bradley.net/
141,17,95,not_started,1978-12-01 19:39:44,0,https://www.thompson-henderson.com/
142,17,95,in_progress,1973-06-21 14:13:01,1,http://www.medina.com/
143,17,95,completed,2024-08-05 09:14:28,13,https://ryan.com/
144,17,95,in_progress,2007-01-04 01:37:38,12,https://smith.com/
145,17,95,completed,1990-03-09 03:28:56,13,http://www.guerra.info/
146,17,67,not_started,1982-07-23 06:24:57,0,http://www.brown.com/
147,17,67,in_progress,1974-01-11 21:52:34,25,https://www.mason.net/
148,17,67,in_progress,2008-10-19 06:54:41,12,https://schmitt.com/
149,17,67,in_progress,1990-03-03 03:23:15,24,https://sloan.com/
150,17,67,completed,2001-07-21 19:32:47,38,http://mitchell-jensen.com/
151,17,15,not_started,2004-10-18 14:20:32,0,https://www.brown-ferrell.com/
152,17,15,in_progress,1970-12-15 22:15:55,13,https://smith-horton.info/
153,17,15,in_progress,2004-04-05 11:39:56,7,https://www.hurst-moyer.biz/
154,17,15,in_progress,1994-12-06 22:25:58,21,https://franco-rogers.com/
155,17,15,completed,1977-08-13 06:49:15,22,http://wells.net/
156,18,33,not_started,2018-12-05 17:39:23,0,https://www.diaz.com/
157,18,33,in_progress,1986-03-15 05:13:28,29,https://www.merritt.biz/
158,18,33,in_progress,2021-01-29 07:05:10,32,http://www.davis.com/
159,18,33,in_progress,2010-05-22 20:14:36,25,https://www.day.com/
160,18,33,completed,2004-07-30 13:34:10,37,https://williams.net/
161,18,126,not_started,1974-05-17 23:17:01,0,http://www.walker-levine.com/
162,18,126,in_progress,1980-09-17 17:28:05,25,https://cox-turner.com/
163,18,126,in_progress,2022-02-22 01:46:24,9,http://www.hernandez-fritz.com/
164,18,126,in_progress,1997-11-28 21:41:48,28,https://www.wilcox.com/
165,18,126,completed,1970-01-29 05:33:07,47,http://www.reed-jennings.com/
166,19,41,not_started,1973-01-24 08:22:19,0,https://www.ellis-miller.com/
167,19,41,in_progress,2010-12-31 14:22:49,4,http://www.ross-baker.com/
168,19,41,in_progress,1976-12-31 11:19:42,14,https://www.tyler.com/
169,19,41,in_progress,1975-07-18 18:48:03,17,https://www.mathis-norris.com/
170,19,41,completed,2004-01-23 08:45:16,18,http://potter.com/
171,19,1,not_started,2017-12-28 12:02:29,0,https://www.conner-owens.com/
172,19,1,in_progress,1987-11-01 10:18:04,17,https://www.johnson.com/
173,19,1,in_progress,1996-09-23 00:50:03,24,https://west.com/
174,19,1,in_progress,1979-11-10 20:00:40,9,https://www.knight.com/
175,19,1,completed,2000-05-19 08:00:20,28,http://davis.com/
176,19,3,not_started,1984-03-01 10:50:50,0,http://carrillo.info/
177,19,3,in_progress,1999-10-26 04:12:16,7,http://baker.info/
178,19,3,in_progress,2022-05-09 17:15:19,28,http://www.adams-kaufman.net/
179,19,3,in_progress,1978-01-17 19:40:26,17,https://cameron.com/
180,19,3,completed,1983-05-15 21:12:12,32,https://davis-parker.biz/
181,20,127,not_started,1995-01-31 21:55:12,0,http://walters.com/
182,20,127,in_progress,1984-10-13 14:08:53,8,http://rodriguez-shannon.com/
183,20,127,in_progress,1994-09-29 16:18:18,8,http://miller.com/
184,20,127,completed,2023-02-18 04:02:34,16,https://trujillo-smith.com/
185,20,127,completed,2022-10-05 09:51:50,16,https://www.davis-hunt.com/
186,20,89,not_started,2009-01-19 20:42:53,0,http://jones-bond.com/
187,20,89,in_progress,1989-01-30 00:38:25,6,http://www.rivera.com/
188,20,89,in_progress,1977-12-26 13:50:46,22,https://jackson.com/
189,20,89,in_progress,2008-01-07 06:21:06,37,http://moss.com/
190,20,89,completed,2009-06-17 01:23:11,50,https://www.johnson-smith.com/
191,21,88,not_started,2010-07-31 07:30:44,0,http://collins-stephenson.com/
192,21,88,in_progress,1996-09-19 23:04:10,30,https://www.dawson.biz/
193,21,88,in_progress,1984-10-04 12:42:15,1,https://www.meyer-medina.com/
194,21,88,in_progress,1977-06-10 03:09:01,26,http://www.barrera.com/
195,21,88,completed,1982-09-04 04:37:29,36,https://www.willis-bryant.biz/
196,22,112,not_started,1988-04-07 19:23:06,0,http://www.rosario.com/
197,22,112,in_progress,2006-01-27 14:55:23,10,http://miller.com/
198,22,112,in_progress,1997-12-26 19:07:13,7,https://www.moreno-johnson.com/
199,22,112,in_progress,1981-01-23 19:24:35,6,https://eaton.com/
200,22,112,completed,2005-07-05 19:28:40,17,http://www.reyes-wilson.com/
201,22,73,not_started,1981-01-15 03:15:03,0,https://hayes-hancock.com/
202,22,73,in_progress,1976-10-26 03:59:41,6,http://murphy-burns.com/
203,22,73,in_progress,2006-06-12 13:27:08,3,http://rogers-garza.com/
204,22,73,in_progress,2014-04-22 20:38:44,37,http://www.fry.org/
205,22,73,completed,2009-07-10 12:19:13,50,http://tucker-patton.com/
206,22,88,not_started,2005-01-01 00:25:22,0,http://www.martin.com/
207,22,88,in_progress,1991-08-18 12:27:59,2,https://armstrong-lopez.biz/
208,22,88,in_progress,1973-10-05 14:10:35,14,https://www.long.info/
209,22,88,completed,2020-12-19 16:32:19,36,https://ryan.biz/
210,22,88,completed,1994-11-01 10:06:06,36,https://shelton.com/
211,23,47,not_started,1974-10-08 02:18:31,0,https://www.miller.net/
212,23,47,in_progress,2019-07-06 19:52:55,14,https://www.jones-sweeney.com/
213,23,47,in_progress,1990-02-24 15:52:56,25,https://www.landry-white.com/
214,23,47,in_progress,1986-12-02 15:40:42,33,https://www.graves-morris.com/
215,23,47,completed,2016-05-05 03:06:39,34,https://villegas-smith.net/
216,23,121,not_started,1987-07-17 20:22:42,0,http://www.hoffman.com/
217,23,121,in_progress,1997-07-24 20:58:08,37,https://lee-jackson.com/
218,23,121,in_progress,1984-04-21 16:51:41,35,https://www.blake.com/
219,23,121,in_progress,1992-04-15 07:59:01,2,http://www.fischer.com/
220,23,121,completed,2017-01-12 03:16:25,46,http://www.barrera.biz/
221,24,142,not_started,1985-12-07 10:37:27,0,http://www.davis.biz/
222,24,142,in_progress,1974-05-13 12:06:35,1,https://bentley.net/
223,24,142,completed,2021-05-19 23:07:15,21,https://www.bryant-tran.com/
224,24,142,in_progress,1992-01-17 14:28:34,18,https://www.thomas.info/
225,24,142,completed,2002-10-11 13:25:07,21,http://miles.com/
226,24,34,not_started,2011-08-20 14:53:26,0,https://www.mccormick-ferrell.info/
227,24,34,in_progress,1974-06-18 19:07:52,2,https://bray.org/
228,24,34,in_progress,1989-05-22 21:22:20,6,http://lewis-bailey.com/
229,24,34,in_progress,2010-03-09 08:58:05,7,https://fox.info/
230,24,34,completed,2023-04-27 11:13:42,29,https://powell-schmidt.com/
231,25,150,not_started,1998-08-01 17:22:32,0,http://harvey.com/
232,25,150,in_progress,2023-07-03 21:51:43,12,http://www.hall.com/
233,25,150,completed,2015-08-01 02:10:41,13,http://www.bell-boone.com/
234,25,150,in_progress,2002-12-15 21:46:01,1,http://perez-melton.com/
235,25,150,completed,1973-06-10 04:36:46,13,https://murphy-morris.com/
236,26,9,not_started,1988-02-18 12:57:22,0,http://www.roberts.net/
237,26,9,in_progress,1990-03-23 01:50:55,23,http://miller-molina.com/
238,26,9,in_progress,2006-06-22 00:30:11,23,https://hines-bowman.com/
239,26,9,in_progress,1986-08-07 11:37:49,32,http://williams.com/
240,26,9,completed,1975-08-04 11:52:08,39,https://west-le.com/
241,26,77,not_started,1973-07-30 10:26:56,0,http://www.foster-rios.biz/
242,26,77,in_progress,1997-08-08 21:49:51,1,https://www.duncan.com/
243,26,77,in_progress,1980-10-04 01:08:26,8,https://rose.com/
244,26,77,in_progress,2018-05-21 07:00:58,7,http://le.net/
245,26,77,completed,1988-11-12 18:03:02,24,https://www.farmer-stevens.com/
246,27,72,not_started,1972-07-15 20:40:26,0,https://martinez-mcclain.org/
247,27,72,in_progress,2018-10-05 11:09:27,40,https://mitchell.com/
248,27,72,in_progress,1970-08-18 00:56:12,38,https://martin.com/
249,27,72,in_progress,1977-07-24 02:52:12,5,http://www.jimenez.com/
250,27,72,completed,2010-11-23 20:34:42,46,http://davis.biz/
251,27,8,not_started,2003-03-20 16:06:21,0,https://www.harris.biz/
252,27,8,in_progress,1983-08-28 15:51:57,6,http://www.garza.com/
253,27,8,in_progress,1977-10-26 12:54:43,12,http://www.marks.net/
254,27,8,in_progress,2021-07-13 15:08:38,8,http://martinez.com/
255,27,8,completed,1992-04-03 10:28:25,36,https://montgomery.biz/
256,28,89,not_started,2010-06-29 18:01:04,0,http://www.cole.biz/
257,28,89,in_progress,1973-12-30 21:16:17,20,http://www.schroeder.com/
258,28,89,in_progress,2002-09-06 18:50:53,39,https://soto-olson.info/
259,28,89,in_progress,1998-02-09 11:01:33,22,https://miller-ray.com/
260,28,89,completed,1987-12-12 23:27:03,50,https://www.reyes.net/
261,28,121,not_started,1975-07-07 21:09:55,0,https://www.robbins-romero.com/
262,28,121,in_progress,2000-02-04 05:11:01,40,http://www.houston.com/
263,28,121,in_progress,1988-03-02 14:41:51,6,http://www.white.net/
264,28,121,in_progress,2021-04-10 02:15:54,13,http://www.cooper.info/
265,28,121,completed,2006-09-12 13:25:41,46,http://williams-flores.com/
266,29,141,not_started,2001-10-10 04:00:57,0,https://www.curtis.com/
267,29,141,in_progress,1988-03-19 04:42:29,11,http://www.haas-willis.com/
268,29,141,in_progress,1988-04-29 05:47:23,35,https://www.holmes-cabrera.info/
269,29,141,in_progress,1976-12-19 15:43:21,21,https://coffey.org/
270,29,141,completed,1995-03-08 18:16:06,41,https://www.bennett.com/
271,30,65,not_started,1997-08-10 02:37:00,0,https://harvey.com/
272,30,65,in_progress,1981-02-26 11:20:54,42,https://campbell.com/
273,30,65,in_progress,1984-01-07 21:53:09,35,http://hodges.com/
274,30,65,in_progress,1978-06-09 05:08:36,44,http://www.griffith.org/
275,30,65,completed,2001-04-01 14:16:14,47,http://huang.com/
276,30,71,not_started,1999-09-03 20:02:58,0,http://www.arnold.org/
277,30,71,in_progress,2001-11-09 05:40:51,9,http://odonnell.com/
278,30,71,in_progress,1972-02-06 22:59:53,27,http://williams.com/
279,30,71,in_progress,2013-12-06 14:44:53,3,http://www.dickerson-tucker.com/
280,30,71,completed,2009-04-29 08:04:50,30,http://pierce.com/
281,30,51,not_started,2009-05-27 00:15:02,0,https://www.brandt-lee.com/
282,30,51,in_progress,2024-02-07 00:11:35,30,http://perez.com/
283,30,51,in_progress,2004-09-20 21:19:08,14,http://haas.org/
284,30,51,in_progress,1984-02-03 18:56:27,7,https://lopez.net/
285,30,51,completed,1980-01-23 20:59:04,40,http://ross.com/
286,31,96,not_started,1991-11-14 15:41:59,0,http://www.carter-gonzalez.com/
287,31,96,in_progress,2011-08-23 00:40:56,3,http://cooke.biz/
288,31,96,in_progress,2021-05-13 22:00:11,7,https://massey-wallace.com/
289,31,96,in_progress,1978-10-13 04:07:53,14,http://johnson-riddle.com/
290,31,96,completed,2024-09-25 16:28:04,32,http://cantrell.com/
291,32,26,not_started,2006-08-06 11:45:29,0,https://www.murphy.net/
292,32,26,in_progress,2011-07-20 23:03:23,2,https://www.herrera.com/
293,32,26,in_progress,1978-11-23 19:43:44,13,https://www.benton-luna.com/
294,32,26,in_progress,1977-12-25 06:17:34,17,https://www.thornton.com/
295,32,26,completed,2007-06-24 00:54:42,23,https://www.spears.com/
296,33,38,not_started,1989-01-24 09:55:44,0,http://www.huerta.biz/
297,33,38,in_progress,2023-11-22 13:14:29,22,https://price.org/
298,33,38,completed,1981-06-26 15:25:24,30,http://larsen.com/
299,33,38,in_progress,2024-09-21 08:53:46,4,http://www.greene-anderson.com/
300,33,38,completed,2011-12-30 09:08:20,30,http://www.soto.com/
301,33,64,not_started,1970-04-23 06:03:23,0,http://long.org/
302,33,64,in_progress,1974-03-27 12:19:07,8,http://lewis.net/
303,33,64,in_progress,2020-03-11 11:44:45,2,http://www.martin.com/
304,33,64,in_progress,1992-05-17 19:46:39,6,https://www.fernandez.com/
305,33,64,completed,1996-07-20 01:40:40,15,http://www.harris.net/
306,33,107,not_started,1979-01-04 08:03:07,0,http://ortiz.com/
307,33,107,in_progress,2013-11-01 04:31:39,5,http://jackson.biz/
308,33,107,in_progress,2019-08-20 08:13:44,5,https://www.ramirez.com/
309,33,107,in_progress,2023-10-16 04:16:58,16,http://swanson-james.net/
310,33,107,completed,2003-03-30 16:56:01,22,https://www.hartman.biz/
311,34,137,not_started,2009-01-20 13:16:38,0,https://leonard-morales.com/
312,34,137,in_progress,2000-07-31 12:56:22,3,https://zavala.com/
313,34,137,in_progress,1973-10-08 13:34:11,30,http://perez-benitez.net/
314,34,137,in_progress,2018-10-28 00:56:51,11,http://www.santos.com/
315,34,137,completed,1993-02-16 15:33:38,31,https://brooks.com/
316,35,7,not_started,2018-07-17 00:05:08,0,http://www.gibson-baker.com/
317,35,7,in_progress,1977-10-05 20:23:17,14,https://reyes.biz/
318,35,7,in_progress,1991-06-30 15:45:56,12,http://frey.info/
319,35,7,completed,1973-05-16 04:32:31,20,http://santiago.com/
320,35,7,completed,2009-07-28 05:16:49,20,http://barajas.net/
321,36,101,not_started,1988-04-28 01:53:05,0,https://www.jones-green.com/
322,36,101,completed,1985-02-02 19:51:16,7,https://doyle.com/
323,36,101,in_progress,1991-11-05 00:40:52,5,http://www.fischer.com/
324,36,101,in_progress,1972-07-09 08:16:24,6,https://evans.biz/
325,36,101,completed,1997-05-07 07:18:49,7,http://www.fisher.org/
326,37,136,not_started,1971-01-31 10:16:04,0,http://www.smith.com/
327,37,136,in_progress,1987-11-23 05:04:42,18,https://taylor.com/
328,37,136,in_progress,1971-03-07 15:05:30,8,http://www.spears.com/
329,37,136,in_progress,1990-05-11 02:57:36,14,http://www.burke-obrien.com/
330,37,136,completed,2005-01-28 04:33:57,20,https://hart.com/
331,37,21,not_started,1978-01-02 15:31:51,0,http://leonard.com/
332,37,21,in_progress,2014-07-24 01:23:45,12,https://hanson.com/
333,37,21,in_progress,2018-11-19 04:56:48,2,https://clark.com/
334,37,21,in_progress,1981-01-10 23:38:25,6,https://www.bautista-martin.com/
335,37,21,completed,2006-06-29 03:37:25,17,https://howard.com/
336,37,83,not_started,1987-08-27 08:06:37,0,http://todd.com/
337,37,83,in_progress,1974-10-17 15:13:44,2,http://anderson-carr.com/
338,37,83,in_progress,1997-07-28 14:26:58,30,https://walters-gardner.com/
339,37,83,in_progress,1997-12-23 08:53:22,18,https://fuller.com/
340,37,83,completed,2014-09-22 18:39:39,39,http://guzman-andersen.com/
341,38,65,not_started,2010-09-14 11:23:37,0,http://maldonado.com/
342,38,65,in_progress,1993-03-21 18:12:48,1,http://www.williams-anderson.com/
343,38,65,in_progress,1985-12-09 09:43:59,9,https://singh-burgess.net/
344,38,65,in_progress,2005-12-01 14:42:19,11,http://www.taylor.com/
345,38,65,completed,1982-03-12 00:03:08,47,http://www.lopez.com/
346,39,92,not_started,2010-04-09 21:01:02,0,http://www.green.com/
347,39,92,in_progress,2019-03-08 03:59:22,14,http://price.com/
348,39,92,in_progress,2016-08-31 03:00:46,16,http://www.bradley.org/
349,39,92,in_progress,2002-01-29 06:35:43,6,http://www.carter.com/
350,39,92,completed,1989-05-21 12:17:16,21,http://sullivan-weber.com/
351,39,148,not_started,2005-08-15 15:16:13,0,https://www.lawrence.com/
352,39,148,in_progress,1984-06-25 14:40:16,5,http://hudson.com/
353,39,148,completed,1975-04-24 16:24:48,17,https://jones.info/
354,39,148,completed,2010-09-28 05:01:13,17,https://levine.com/
355,39,148,completed,1982-12-22 01:21:35,17,https://richardson.com/
356,39,29,not_started,2007-04-24 08:43:49,0,https://fox.com/
357,39,29,in_progress,1996-04-29 03:09:15,35,http://www.huber-wiggins.biz/
358,39,29,completed,1974-12-21 12:34:40,37,https://cox.com/
359,39,29,in_progress,2003-10-04 01:46:01,36,https://www.ray.net/
360,39,29,completed,1970-07-22 21:37:12,37,https://www.cruz-porter.com/
361,40,21,not_started,2011-04-27 19:40:43,0,https://garcia.com/
362,40,21,in_progress,1992-01-13 05:45:25,6,http://anthony.info/
363,40,21,in_progress,1970-08-20 07:54:17,11,http://bates.com/
364,40,21,in_progress,1975-09-27 04:46:50,5,https://www.mitchell-ramsey.com/
365,40,21,completed,1985-04-26 19:42:12,17,https://phillips-moore.com/
366,40,60,not_started,1989-08-12 01:16:56,0,http://www.hall.com/
367,40,60,in_progress,2014-12-14 01:49:29,2,https://goodman-martinez.com/
368,40,60,in_progress,2014-05-16 21:55:23,5,http://www.arnold.com/
369,40,60,in_progress,1985-09-21 21:27:49,5,http://espinoza.info/
370,40,60,completed,2002-08-27 08:10:48,7,http://www.morrison-tapia.biz/
371,41,94,not_started,1998-10-04 22:26:39,0,http://www.lewis.net/
372,41,94,in_progress,1986-04-30 08:48:51,4,http://thompson.info/
373,41,94,completed,1970-04-08 15:46:28,9,http://davis-bradley.com/
374,41,94,in_progress,1999-11-05 08:45:44,1,http://perry-hernandez.net/
375,41,94,completed,2017-07-08 19:42:07,9,http://www.doyle.com/
376,41,26,not_started,2015-09-22 12:17:32,0,https://www.herrera.com/
377,41,26,in_progress,1998-11-17 21:29:34,18,http://carey.org/
378,41,26,in_progress,1990-08-19 01:48:45,8,https://www.byrd.com/
379,41,26,in_progress,1977-01-29 17:57:52,10,https://www.doyle-morrison.net/
380,41,26,completed,1989-07-04 19:38:15,23,http://www.powell.net/
381,42,120,not_started,2002-09-25 22:17:24,0,http://www.kaiser.com/
382,42,120,in_progress,1989-01-22 16:03:58,11,https://hess.net/
383,42,120,in_progress,1976-12-04 05:00:18,8,https://hill.info/
384,42,120,in_progress,2009-08-19 05:20:10,10,http://www.may-estrada.com/
385,42,120,completed,1985-05-15 06:52:58,15,https://graham-pacheco.info/
386,43,15,not_started,1973-07-16 20:36:25,0,https://jackson.com/
387,43,15,in_progress,1985-03-09 16:44:12,8,https://willis.net/
388,43,15,in_progress,2020-06-10 00:45:28,12,http://vincent.com/
389,43,15,in_progress,2000-06-19 03:59:32,1,http://www.russell-webb.com/
390,43,15,completed,1992-12-18 08:08:05,22,http://www.romero.org/
391,43,57,not_started,1975-04-12 10:28:54,0,http://martin-daugherty.com/
392,43,57,in_progress,2015-12-03 08:34:55,19,http://velasquez.com/
393,43,57,in_progress,1981-01-11 05:51:08,26,https://garcia.org/
394,43,57,in_progress,2022-11-27 10:26:13,16,http://www.miller.net/
395,43,57,completed,1992-11-04 19:10:55,27,http://www.gutierrez.com/
396,43,86,not_started,1995-03-18 22:29:22,0,http://www.johnson.com/
397,43,86,in_progress,2015-03-18 04:25:16,5,https://www.steele.com/
398,43,86,in_progress,2014-05-20 04:09:40,4,http://www.ward.com/
399,43,86,in_progress,1976-10-02 21:51:23,5,https://www.sanders-taylor.com/
400,43,86,completed,2008-01-25 04:20:50,7,https://www.huffman.com/
401,44,29,not_started,1988-02-05 17:50:04,0,http://www.parks.net/
402,44,29,in_progress,1985-08-02 02:00:37,20,http://www.rodriguez.com/
403,44,29,in_progress,1984-04-19 08:43:02,26,https://rodriguez.info/
404,44,29,in_progress,1996-09-06 18:18:12,3,http://willis.com/
405,44,29,completed,1979-04-01 07:11:20,37,http://hanna-jones.net/
406,44,95,not_started,1993-01-01 22:00:56,0,https://www.olson.com/
407,44,95,in_progress,1983-09-26 06:26:41,6,http://www.phillips.com/
408,44,95,in_progress,1979-10-01 10:55:15,10,http://www.gentry.com/
409,44,95,in_progress,1980-04-27 21:02:37,9,http://atkinson.com/
410,44,95,completed,1971-08-21 23:44:35,13,https://www.reed-yates.com/
411,44,81,not_started,1982-08-31 01:19:11,0,https://www.bond.info/
412,44,81,in_progress,1979-10-10 18:13:59,5,http://ramirez.com/
413,44,81,completed,2015-11-05 02:12:21,6,https://www.vasquez-day.biz/
414,44,81,in_progress,2007-03-06 23:52:32,4,https://www.hopkins.com/
415,44,81,completed,2017-03-25 16:15:16,6,https://riley.com/
416,45,7,not_started,2023-12-22 05:03:02,0,http://ford.com/
417,45,7,completed,1995-11-08 01:06:21,20,https://jenkins-marsh.com/
418,45,7,in_progress,1995-04-06 02:52:30,6,https://bell-wang.com/
419,45,7,in_progress,1972-04-27 19:05:27,5,https://mendoza-smith.com/
420,45,7,completed,2023-12-27 16:56:05,20,https://www.buckley.info/
421,45,134,not_started,1985-12-28 07:08:56,0,https://www.miranda.com/
422,45,134,in_progress,1975-10-14 08:09:17,7,https://www.santos.com/
423,45,134,in_progress,2018-08-01 15:18:26,11,https://nguyen-martinez.com/
424,45,134,completed,1983-08-26 05:19:20,12,https://turner-mathews.com/
425,45,134,completed,2024-06-28 13:53:44,12,https://ryan.com/
426,46,1,not_started,2015-11-14 20:31:39,0,http://moore.com/
427,46,1,in_progress,1978-10-30 07:18:54,9,https://thompson-chang.com/
428,46,1,in_progress,1982-10-24 08:03:33,8,https://www.phillips.com/
429,46,1,in_progress,1990-07-18 20:05:11,26,http://www.baker-clark.com/
430,46,1,completed,2002-10-21 02:57:12,28,http://james.com/
431,46,25,not_started,1997-04-14 10:26:17,0,http://lutz.org/
432,46,25,in_progress,1999-04-06 15:24:21,5,https://parker.info/
433,46,25,in_progress,2000-12-08 08:19:37,22,http://martinez.biz/
434,46,25,in_progress,2019-10-27 16:53:30,39,https://miller.com/
435,46,25,completed,1971-02-26 09:43:48,46,https://johnson.biz/
436,47,6,not_started,2010-08-16 01:16:21,0,http://henry.com/
437,47,6,in_progress,2021-01-11 07:05:14,34,http://www.harris.com/
438,47,6,in_progress,2000-10-27 06:17:16,45,http://miller.com/
439,47,6,in_progress,1984-02-07 01:52:01,28,https://hoffman.com/
440,47,6,completed,1976-10-03 08:23:31,46,http://www.chavez.com/
441,47,57,not_started,2023-06-07 00:44:07,0,https://www.taylor-adams.com/
442,47,57,in_progress,2018-06-26 03:56:47,11,https://www.simmons.com/
443,47,57,in_progress,2000-06-23 12:33:03,16,https://www.conner.com/
444,47,57,in_progress,2005-03-22 22:10:46,22,http://jackson.info/
445,47,57,completed,1992-06-30 23:49:23,27,http://www.smith.net/
446,47,150,not_started,1971-05-08 21:37:54,0,https://www.johnson-kelley.com/
447,47,150,in_progress,1995-12-29 05:36:51,11,https://hall.info/
448,47,150,in_progress,1975-06-26 13:16:11,9,https://maldonado.biz/
449,47,150,in_progress,1986-01-21 02:44:03,9,http://miller-richardson.org/
450,47,150,completed,2003-06-28 03:54:53,13,http://rodriguez-ramirez.com/
451,48,69,not_started,1989-05-27 22:16:59,0,http://www.ruiz-johnson.com/
452,48,69,in_progress,2010-03-28 08:45:45,8,http://johnson.info/
453,48,69,in_progress,1973-10-07 16:54:51,1,https://www.deleon-briggs.biz/
454,48,69,in_progress,1973-03-05 21:43:03,5,https://www.anderson.org/
455,48,69,completed,2006-02-08 00:06:19,16,http://golden.com/
456,49,147,not_started,2021-03-11 14:38:55,0,https://rodriguez.com/
457,49,147,in_progress,1970-04-28 16:20:57,17,http://newton.com/
458,49,147,in_progress,2008-02-13 12:46:15,1,http://bowman-cain.org/
459,49,147,in_progress,1993-11-24 01:44:26,25,http://robles-garza.biz/
460,49,147,completed,1997-08-20 09:23:19,27,https://barnett.biz/
461,49,55,not_started,2004-01-16 02:19:35,0,http://www.davila-smith.com/
462,49,55,in_progress,1997-05-10 04:18:47,12,http://acosta-graves.com/
463,49,55,in_progress,1981-11-01 16:18:03,16,http://jones.com/
464,49,55,in_progress,1992-05-25 12:18:21,1,http://www.cruz.com/
465,49,55,completed,1979-11-19 05:59:29,35,https://lewis-jones.com/
466,50,98,not_started,1992-04-01 14:31:09,0,https://wade.com/
467,50,98,in_progress,1980-03-25 17:52:39,22,https://www.hodge.com/
468,50,98,in_progress,2002-12-06 03:24:00,12,http://www.hoffman.com/
469,50,98,in_progress,2022-06-14 05:51:05,9,http://www.hernandez.org/
470,50,98,completed,2017-05-12 14:17:22,30,https://www.johnson.com/
471,51,134,not_started,1999-11-29 06:05:27,0,https://james.net/
472,51,134,in_progress,2020-12-04 16:40:06,7,http://weaver.com/
473,51,134,completed,2008-12-29 10:12:34,12,http://www.simmons.com/
474,51,134,in_progress,2020-04-04 04:59:48,4,https://www.perez-bond.info/
475,51,134,completed,2014-08-23 19:31:30,12,http://www.olsen-rogers.biz/
476,51,32,not_started,2009-04-22 22:12:12,0,https://www.kent.biz/
477,51,32,in_progress,1977-01-12 10:10:11,7,https://hall.com/
478,51,32,in_progress,2006-08-13 15:35:52,14,https://www.spencer.com/
479,51,32,in_progress,2018-04-11 07:43:17,5,https://www.rodriguez.com/
480,51,32,completed,2000-08-25 09:59:27,21,https://randolph.biz/
481,51,127,not_started,1990-12-29 17:40:48,0,http://www.barajas.com/
482,51,127,in_progress,2022-02-07 16:40:17,11,https://www.adams.com/
483,51,127,in_progress,1971-09-14 16:58:26,15,http://www.molina.com/
484,51,127,completed,1970-01-18 16:25:16,16,http://www.price.com/
485,51,127,completed,1980-01-12 10:23:34,16,http://thomas-armstrong.com/
486,52,56,not_started,2007-11-20 20:54:14,0,http://www.wilcox.org/
487,52,56,in_progress,1990-10-08 17:01:29,23,https://www.pierce-khan.com/
488,52,56,in_progress,1985-02-19 04:21:51,38,https://www.mcgrath.net/
489,52,56,in_progress,1987-05-10 17:13:56,36,https://www.little.com/
490,52,56,completed,1993-01-10 17:17:45,47,https://sloan-sullivan.com/
491,52,139,not_started,1971-11-07 20:00:30,0,https://roberts.com/
492,52,139,in_progress,1977-08-14 22:49:07,8,http://www.singh.info/
493,52,139,in_progress,1988-05-05 10:46:47,12,https://garcia.com/
494,52,139,in_progress,2004-12-12 17:12:30,2,https://www.martin-nelson.com/
495,52,139,completed,2018-01-23 13:56:03,16,https://harmon.com/
496,52,134,not_started,1990-08-12 15:17:19,0,https://www.nguyen.info/
497,52,134,completed,1993-12-17 02:28:49,12,https://www.dougherty.org/
498,52,134,in_progress,2014-04-29 07:52:41,6,http://gordon.com/
499,52,134,in_progress,2019-10-23 21:45:39,8,http://www.george.com/
500,52,134,completed,1992-03-04 01:30:09,12,http://www.burns.net/
501,53,73,not_started,1985-09-27 08:37:25,0,https://www.phillips-chase.com/
502,53,73,in_progress,2017-07-24 05:06:42,2,http://watkins-moran.info/
503,53,73,in_progress,1992-09-12 03:28:56,35,http://rodriguez-smith.com/
504,53,73,in_progress,1996-07-28 07:02:41,25,https://www.porter-brown.info/
505,53,73,completed,1977-12-20 14:11:48,50,https://mcbride.com/
506,53,54,not_started,1992-08-04 15:03:36,0,https://www.fuentes.biz/
507,53,54,in_progress,2000-03-07 00:20:59,1,https://scott.com/
508,53,54,in_progress,2013-10-26 03:51:51,9,http://www.jackson.com/
509,53,54,completed,2000-04-20 15:39:04,14,https://cox-fernandez.com/
510,53,54,completed,1997-10-02 18:09:28,14,https://cox-walker.com/
511,54,1,not_started,2023-07-28 17:53:09,0,http://www.cohen.org/
512,54,1,in_progress,2016-02-04 04:06:24,3,http://patel-acosta.com/
513,54,1,in_progress,2021-03-03 10:41:38,25,http://www.nelson.net/
514,54,1,in_progress,1987-11-14 14:37:56,4,https://gonzalez.org/
515,54,1,completed,1975-01-14 10:26:26,28,http://www.weaver.com/
516,54,119,not_started,2002-06-26 18:12:21,0,https://www.aguilar.com/
517,54,119,in_progress,1982-11-15 20:18:51,11,http://vega.biz/
518,54,119,in_progress,2018-04-23 08:43:12,11,http://www.stark.com/
519,54,119,in_progress,2017-05-25 00:44:46,3,https://chang-fisher.com/
520,54,119,completed,2020-01-04 23:40:13,25,https://norton-ford.com/
521,54,7,not_started,1973-06-25 01:23:51,0,https://edwards.com/
522,54,7,in_progress,1991-12-12 20:39:02,12,https://www.dalton.biz/
523,54,7,in_progress,2011-01-26 08:52:14,2,https://www.edwards.org/
524,54,7,in_progress,2009-09-10 17:05:27,14,https://richardson.com/
525,54,7,completed,1978-02-20 22:43:55,20,https://simon.com/
526,55,63,not_started,1979-04-01 03:33:58,0,https://www.pace-reyes.com/
527,55,63,in_progress,2021-05-03 17:44:55,33,http://carlson.com/
528,55,63,in_progress,2022-01-14 09:56:26,12,https://king-cardenas.com/
529,55,63,in_progress,1990-07-19 12:52:54,7,http://www.holloway.com/
530,55,63,completed,2001-05-21 12:50:24,50,https://henderson.biz/
531,55,131,not_started,1978-05-22 19:50:10,0,http://nelson.org/
532,55,131,in_progress,1995-02-09 02:34:48,7,https://pollard.com/
533,55,131,in_progress,1976-08-19 15:37:03,12,https://jackson-smith.com/
534,55,131,in_progress,2000-12-22 05:10:47,16,http://stone.com/
535,55,131,completed,1994-03-09 20:06:50,17,https://mueller.org/
536,56,17,not_started,1972-10-08 09:30:51,0,https://smith.com/
537,56,17,in_progress,1979-03-16 21:06:40,11,http://thompson.com/
538,56,17,in_progress,2012-04-18 13:58:25,10,https://www.ramos.com/
539,56,17,in_progress,2011-09-26 14:08:08,2,https://www.mason.com/
540,56,17,completed,2006-06-22 17:15:06,35,http://huynh.org/
541,56,28,not_started,2010-03-21 11:25:09,0,http://www.kelley-marquez.org/
542,56,28,in_progress,2024-08-31 04:23:48,6,https://www.avila.com/
543,56,28,in_progress,1997-11-24 21:29:49,20,http://patterson.net/
544,56,28,in_progress,1992-02-02 12:56:15,8,http://www.bell-mitchell.net/
545,56,28,completed,1970-03-06 06:25:08,21,http://www.anderson.org/
546,57,144,not_started,1981-06-06 09:27:05,0,http://www.taylor.com/
547,57,144,in_progress,2020-08-22 11:34:29,6,https://montgomery.biz/
548,57,144,in_progress,1986-12-04 06:49:28,8,https://www.haynes.com/
549,57,144,in_progress,2008-05-07 15:05:36,4,https://mason-maldonado.info/
550,57,144,completed,1970-07-15 08:58:33,38,http://www.mason-johnson.org/
551,58,130,not_started,1994-09-24 05:19:25,0,http://www.deleon.org/
552,58,130,in_progress,1998-09-23 14:15:56,7,http://www.hernandez-garrett.biz/
553,58,130,in_progress,1990-12-11 04:30:18,7,https://kelly.com/
554,58,130,in_progress,2004-08-19 17:11:52,9,http://www.vasquez-walker.org/
555,58,130,completed,2017-06-23 23:58:40,19,http://bates.org/
556,58,95,not_started,1979-01-24 16:55:50,0,http://bailey.biz/
557,58,95,in_progress,1990-03-01 09:09:18,6,https://wolf-thomas.com/
558,58,95,in_progress,2010-05-29 15:26:48,3,https://ellison.net/
559,58,95,in_progress,1982-12-24 21:16:34,12,https://www.hines.biz/
560,58,95,completed,1976-10-30 06:11:45,13,http://www.miller.com/
561,59,124,not_started,1980-12-21 18:53:02,0,http://www.phillips.com/
562,59,124,in_progress,1991-08-20 05:35:20,26,http://west-taylor.biz/
563,59,124,in_progress,1975-02-16 10:35:53,16,https://www.clark-johnson.biz/
564,59,124,in_progress,1995-12-26 08:20:16,28,https://www.lewis-klein.com/
565,59,124,completed,2019-11-08 07:18:14,43,http://www.bailey.com/
566,60,143,not_started,1979-09-10 16:15:31,0,https://www.daniels.org/
567,60,143,in_progress,2021-06-27 02:12:41,18,https://www.wilkinson.com/
568,60,143,in_progress,2010-08-28 14:40:57,8,https://dawson.com/
569,60,143,in_progress,1972-03-02 15:35:57,6,https://steele.biz/
570,60,143,completed,2010-08-13 03:42:58,36,https://pugh-colon.com/
571,61,123,not_started,1973-11-05 17:26:29,0,http://taylor-johnson.info/
572,61,123,in_progress,2013-09-11 23:39:29,17,http://www.jackson-smith.com/
573,61,123,in_progress,2022-10-15 10:43:34,29,http://ray.net/
574,61,123,in_progress,1998-02-10 20:30:35,6,https://www.miller-schwartz.com/
575,61,123,completed,1982-08-19 20:51:45,33,http://moore.com/
576,61,145,not_started,1971-02-04 03:52:16,0,http://wilson-gregory.com/
577,61,145,in_progress,1973-12-09 04:22:59,12,https://www.watson.com/
578,61,145,in_progress,2000-03-19 03:09:04,24,http://patterson-wheeler.com/
579,61,145,in_progress,2020-04-07 07:13:32,44,https://ford-conrad.net/
580,61,145,completed,1977-01-08 02:44:54,46,https://calhoun.com/
581,61,114,not_started,1980-06-27 14:03:52,0,https://www.mcmillan.com/
582,61,114,in_progress,1990-11-15 17:37:36,41,https://www.knight.com/
583,61,114,in_progress,1989-10-16 18:34:25,24,https://hall.com/
584,61,114,in_progress,1992-05-15 03:56:42,38,http://sloan.com/
585,61,114,completed,2007-01-26 15:29:57,47,http://mendoza.info/
586,62,116,not_started,2000-08-12 09:44:33,0,https://perez.com/
587,62,116,in_progress,1987-11-01 21:19:34,19,https://www.bailey-ward.com/
588,62,116,in_progress,2014-09-26 07:54:40,17,https://www.thomas.com/
589,62,116,in_progress,2016-08-01 01:57:21,7,https://haley.com/
590,62,116,completed,2008-08-17 13:25:53,27,http://jones.com/
591,63,68,not_started,1973-07-27 14:15:14,0,https://www.hardy.com/
592,63,68,in_progress,2007-05-04 20:56:33,10,http://jones-hardin.net/
593,63,68,in_progress,2023-06-06 23:41:48,9,http://www.berg.com/
594,63,68,in_progress,1970-12-19 20:15:00,9,https://colon.com/
595,63,68,completed,2000-02-07 18:30:45,13,https://coleman.biz/
596,63,115,not_started,2008-02-11 03:02:45,0,http://norton.net/
597,63,115,in_progress,2010-06-13 14:16:01,8,http://allen.com/
598,63,115,in_progress,2017-06-13 13:16:54,16,https://crawford-shaw.biz/
599,63,115,in_progress,1995-02-28 04:41:43,18,http://mckee.com/
600,63,115,completed,1993-08-07 09:17:25,28,http://hicks-adams.com/
601,63,79,not_started,1979-03-05 00:38:51,0,https://www.vazquez.biz/
602,63,79,in_progress,1981-02-09 00:03:09,5,http://www.young.com/
603,63,79,in_progress,2024-05-16 19:08:01,17,https://www.miller.com/
604,63,79,in_progress,1987-04-21 19:54:16,4,http://torres.com/
605,63,79,completed,1997-08-11 11:11:30,22,https://snyder-cruz.net/
606,64,3,not_started,2023-06-17 12:13:34,0,http://patterson.net/
607,64,3,in_progress,2010-05-11 01:44:58,27,https://www.larson.com/
608,64,3,in_progress,1996-04-01 07:26:10,15,https://www.conner.com/
609,64,3,in_progress,2007-06-10 13:09:12,10,http://www.flowers.biz/
610,64,3,completed,1990-06-14 04:10:24,32,http://robertson.com/
611,65,99,not_started,1996-03-06 23:25:14,0,https://cervantes.org/
612,65,99,completed,2000-07-25 06:49:00,5,https://stewart.biz/
613,65,99,in_progress,2021-04-01 08:16:08,2,http://www.parker.org/
614,65,99,in_progress,2023-08-25 03:45:05,4,http://ross.biz/
615,65,99,completed,1984-09-08 06:02:08,5,http://www.smith.com/
616,66,137,not_started,1983-02-24 18:33:47,0,http://morgan-lam.com/
617,66,137,in_progress,1986-11-02 16:23:46,22,http://pacheco-butler.com/
618,66,137,in_progress,1973-07-07 09:04:49,13,http://hill.org/
619,66,137,in_progress,2010-03-11 21:56:37,25,http://www.pennington-mitchell.com/
620,66,137,completed,2012-08-23 22:05:22,31,https://phillips-joseph.info/
621,66,110,not_started,2015-06-05 11:05:32,0,http://yang.net/
622,66,110,in_progress,2023-09-18 03:52:22,5,https://www.george-brown.org/
623,66,110,in_progress,2018-08-01 19:20:49,4,https://www.francis.com/
624,66,110,in_progress,1983-03-12 04:03:32,11,http://www.duncan-lawson.net/
625,66,110,completed,2001-07-08 03:23:02,14,http://salazar-larson.info/
626,66,5,not_started,1979-03-30 04:44:10,0,http://www.cruz.biz/
627,66,5,in_progress,2004-01-18 08:59:32,11,http://gonzalez-jackson.info/
628,66,5,in_progress,2017-09-29 11:17:19,8,https://www.reyes-haynes.net/
629,66,5,in_progress,1992-02-20 15:15:08,10,https://www.woods-turner.info/
630,66,5,completed,1989-10-27 01:50:10,13,http://clark.info/
631,67,115,not_started,2006-08-29 14:50:49,0,https://www.lowe-mathews.info/
632,67,115,in_progress,1973-09-12 01:29:31,9,http://johnson-price.biz/
633,67,115,in_progress,1988-01-08 17:29:51,17,https://www.hayes.info/
634,67,115,in_progress,1986-06-11 22:07:07,21,https://nguyen.com/
635,67,115,completed,1975-01-04 10:11:01,28,https://dudley.com/
636,68,47,not_started,2024-05-05 07:48:45,0,https://thompson.info/
637,68,47,in_progress,2006-10-31 19:07:00,5,https://www.wright.com/
638,68,47,in_progress,2010-01-11 00:14:04,29,https://www.wells.com/
639,68,47,in_progress,2022-06-07 19:18:29,2,https://www.carey.com/
640,68,47,completed,1990-06-10 17:49:42,34,http://www.bird.com/
641,68,4,not_started,1996-09-15 22:36:03,0,http://www.flores-miller.biz/
642,68,4,in_progress,2014-05-24 18:10:19,32,http://www.porter-young.com/
643,68,4,in_progress,1989-06-22 08:51:25,29,http://hunt.com/
644,68,4,in_progress,2007-11-03 16:15:08,3,https://www.scott.biz/
645,68,4,completed,2023-08-18 09:49:56,38,http://boyd-smith.org/
646,68,149,not_started,2012-05-28 17:04:47,0,https://www.doyle.com/
647,68,149,in_progress,1971-12-13 21:25:02,7,http://navarro.com/
648,68,149,in_progress,1991-08-20 12:08:27,32,http://white.com/
649,68,149,in_progress,1984-11-22 12:45:22,1,https://www.benson.com/
650,68,149,completed,2019-06-02 22:29:36,39,https://smith.com/
651,69,31,not_started,2002-06-06 08:04:32,0,https://adams.com/
652,69,31,in_progress,1991-06-08 09:44:37,4,https://www.martinez.com/
653,69,31,in_progress,2013-02-24 05:16:06,20,http://harrison-johnson.info/
654,69,31,in_progress,1972-08-16 20:06:05,6,https://www.collins.com/
655,69,31,completed,1978-01-14 09:55:19,25,http://www.nelson.org/
656,69,71,not_started,1982-09-23 17:55:32,0,http://greene.net/
657,69,71,in_progress,2018-06-02 21:53:34,23,https://www.sanchez-flores.com/
658,69,71,in_progress,1972-03-25 18:35:23,24,https://www.miller-moore.net/
659,69,71,in_progress,2018-10-13 01:47:11,1,http://www.nelson.net/
660,69,71,completed,1985-06-18 11:08:59,30,http://richardson.com/
661,69,134,not_started,2007-11-06 10:37:27,0,https://mcdonald-owens.net/
662,69,134,in_progress,1971-04-26 15:27:45,6,http://www.humphrey.com/
663,69,134,in_progress,1972-12-09 19:07:28,6,http://torres-watson.com/
664,69,134,in_progress,2012-07-29 00:35:15,2,http://www.moss-garrett.net/
665,69,134,completed,2022-12-02 04:58:08,12,https://howard.biz/
666,70,114,not_started,1980-12-11 19:48:53,0,http://harris.com/
667,70,114,in_progress,2017-10-07 00:21:45,37,http://gross.com/
668,70,114,in_progress,1978-03-26 20:04:30,3,https://martin.org/
669,70,114,in_progress,1973-10-04 01:56:41,19,http://hamilton.org/
670,70,114,completed,2019-02-07 01:02:32,47,http://adams.com/
671,71,78,not_started,2015-04-14 05:00:28,0,https://www.edwards.com/
672,71,78,in_progress,2003-12-08 07:09:29,3,https://www.mitchell.net/
673,71,78,in_progress,2017-01-14 23:59:11,12,https://www.hansen.com/
674,71,78,in_progress,1999-01-11 17:34:31,30,http://www.davis.com/
675,71,78,completed,2019-03-17 08:07:51,45,http://schmidt.biz/
676,71,57,not_started,2023-05-24 19:15:33,0,https://www.jones.com/
677,71,57,in_progress,2019-11-13 20:56:36,2,http://choi-moore.com/
678,71,57,in_progress,1998-12-28 00:34:27,21,https://duncan.com/
679,71,57,in_progress,1990-05-17 09:54:04,8,https://www.cook.com/
680,71,57,completed,1992-05-11 10:20:12,27,http://santos.info/
681,71,77,not_started,2021-12-23 15:04:00,0,http://kelley-lane.com/
682,71,77,in_progress,1984-08-24 05:04:11,4,http://www.brown.com/
683,71,77,in_progress,1998-10-05 15:17:01,10,http://www.valdez.com/
684,71,77,completed,2001-11-19 18:30:09,24,https://www.young-aguirre.com/
685,71,77,completed,1972-05-29 00:37:55,24,https://brown.biz/
686,72,38,not_started,1984-07-26 10:22:02,0,https://sawyer.com/
687,72,38,in_progress,1972-12-22 18:41:06,18,http://baker-odom.com/
688,72,38,in_progress,1998-07-20 11:39:02,19,https://www.ramos-cox.com/
689,72,38,in_progress,1989-07-31 04:04:33,13,https://hunt.com/
690,72,38,completed,1987-04-20 23:57:22,30,https://rodriguez.com/
691,72,112,not_started,1980-03-21 00:20:49,0,https://www.johnson.biz/
692,72,112,in_progress,2000-09-07 08:13:09,5,https://www.moore.biz/
693,72,112,in_progress,2005-02-20 12:10:03,2,http://strickland.com/
694,72,112,in_progress,1999-11-03 01:47:21,3,https://www.walker-zavala.info/
695,72,112,completed,2012-08-19 20:23:36,17,http://www.collins.org/
696,73,17,not_started,1988-09-27 11:29:11,0,https://simmons.com/
697,73,17,in_progress,1992-01-19 22:57:29,31,http://www.boyd-shelton.com/
698,73,17,in_progress,2009-01-26 04:13:59,16,https://juarez.com/
699,73,17,in_progress,2009-07-19 16:52:56,10,https://www.roman.com/
700,73,17,completed,2022-09-08 22:14:16,35,https://www.lucas-taylor.info/
701,74,117,not_started,2000-02-06 04:18:16,0,http://www.fischer.com/
702,74,117,in_progress,1990-12-10 00:36:32,3,http://norris.com/
703,74,117,in_progress,2020-04-09 20:13:16,5,http://harding-baker.info/
704,74,117,in_progress,1981-11-22 06:09:49,7,http://www.edwards.net/
705,74,117,completed,1989-04-08 11:06:06,17,https://www.phillips.org/
706,74,114,not_started,2001-11-30 06:31:49,0,https://www.arnold.com/
707,74,114,in_progress,1990-10-19 09:54:17,11,http://www.collins.biz/
708,74,114,in_progress,2005-12-15 09:52:50,32,https://james.org/
709,74,114,in_progress,1995-10-24 16:39:48,25,https://www.arias.info/
710,74,114,completed,2019-12-22 17:55:49,47,https://cardenas.com/
711,75,8,not_started,1986-08-04 23:24:40,0,https://rasmussen.com/
712,75,8,in_progress,2014-09-06 21:06:24,34,http://www.abbott.com/
713,75,8,in_progress,1971-03-06 04:53:20,23,http://www.gibson.info/
714,75,8,in_progress,2011-03-05 03:25:57,15,http://www.bennett.org/
715,75,8,completed,1984-08-06 01:21:53,36,https://www.bender-brown.com/
716,75,39,not_started,1985-08-09 08:05:59,0,http://johnson.com/
717,75,39,in_progress,2020-04-24 20:19:02,17,http://dawson.org/
718,75,39,in_progress,2012-03-16 17:46:49,8,http://www.walls.com/
719,75,39,in_progress,2010-04-13 09:25:54,27,https://www.martin-griffin.com/
720,75,39,completed,1989-07-10 12:07:52,28,http://kelly-daugherty.com/
721,75,9,not_started,1987-02-19 10:47:13,0,http://www.phillips.com/
722,75,9,in_progress,1984-08-01 08:02:19,13,https://www.winters-thomas.net/
723,75,9,in_progress,1985-10-28 00:52:14,23,http://rodriguez.com/
724,75,9,in_progress,1972-07-30 14:29:11,26,http://www.hickman-little.com/
725,75,9,completed,2024-08-25 10:21:43,39,https://www.shepherd.biz/
726,76,98,not_started,1981-11-01 02:57:24,0,http://www.duncan.org/
727,76,98,in_progress,1988-11-18 03:19:57,3,https://www.hubbard-mendoza.com/
728,76,98,in_progress,2015-07-30 13:47:48,8,https://www.jacobson-jackson.com/
729,76,98,in_progress,2006-10-21 11:42:51,23,http://white-nash.net/
730,76,98,completed,2022-03-12 01:00:32,30,https://www.watkins.org/
731,77,110,not_started,2015-02-05 17:06:38,0,https://www.hughes.biz/
732,77,110,in_progress,1992-06-16 10:25:46,8,http://sweeney-howard.net/
733,77,110,in_progress,2012-11-22 03:32:45,2,https://barton.biz/
734,77,110,in_progress,2011-08-05 21:13:24,12,http://www.schwartz.org/
735,77,110,completed,2018-04-24 19:23:58,14,https://www.bryant-rodriguez.com/
736,78,15,not_started,1994-03-10 16:35:26,0,https://www.mitchell.com/
737,78,15,in_progress,1999-07-08 05:55:22,14,https://www.richardson.com/
738,78,15,in_progress,1998-12-18 16:47:43,6,http://castro-bruce.com/
739,78,15,in_progress,2006-04-12 16:13:19,4,http://rosales.com/
740,78,15,completed,1992-11-16 15:09:20,22,http://garcia.net/
741,78,52,not_started,1985-03-26 20:07:10,0,http://www.brown.com/
742,78,52,in_progress,1998-07-15 17:37:17,28,https://johnson.com/
743,78,52,in_progress,2023-05-17 19:34:16,28,http://lambert.com/
744,78,52,in_progress,1986-08-27 15:13:55,22,https://www.orr-whitehead.com/
745,78,52,completed,2019-08-30 13:57:45,34,http://www.torres.org/
746,78,14,not_started,2011-02-25 03:24:03,0,http://smith-phelps.info/
747,78,14,in_progress,1970-01-24 17:27:22,39,https://www.pope-simmons.com/
748,78,14,in_progress,1997-02-05 15:08:54,9,http://www.owens.com/
749,78,14,in_progress,1987-03-23 20:13:34,9,http://boyd-stevens.com/
750,78,14,completed,2007-06-22 21:50:48,43,https://rojas.org/
751,79,28,not_started,1991-09-02 19:42:11,0,https://www.guzman-anderson.com/
752,79,28,in_progress,2023-11-01 03:12:07,17,https://www.arnold.com/
753,79,28,in_progress,2016-12-11 09:55:17,16,http://frye.com/
754,79,28,in_progress,1983-03-25 13:42:36,4,https://www.schroeder-adams.com/
755,79,28,completed,1997-08-14 07:15:15,21,https://taylor-hernandez.com/
756,79,53,not_started,1998-08-20 20:01:06,0,https://nichols.biz/
757,79,53,in_progress,1977-03-31 11:22:03,4,https://www.pham.biz/
758,79,53,completed,2000-08-19 14:35:00,5,https://www.shaw.com/
759,79,53,in_progress,1980-09-29 18:31:30,1,https://www.bond-small.net/
760,79,53,completed,1987-01-24 05:00:35,5,http://patterson.info/
761,79,23,not_started,1979-07-20 17:08:56,0,https://smith.com/
762,79,23,in_progress,1979-10-24 23:16:27,7,http://www.clark.biz/
763,79,23,in_progress,1993-06-14 14:37:00,1,https://hicks-russell.biz/
764,79,23,in_progress,1998-09-15 08:08:53,16,https://schmidt.info/
765,79,23,completed,1999-02-13 15:48:56,22,http://myers-johnson.com/
766,80,4,not_started,1992-08-23 23:23:25,0,https://mclean-brooks.com/
767,80,4,in_progress,1973-03-11 02:11:06,7,http://carlson.com/
768,80,4,in_progress,2000-09-26 22:01:00,4,http://www.montgomery-lee.com/
769,80,4,in_progress,1994-01-20 10:41:01,11,http://www.bond.biz/
770,80,4,completed,1983-09-21 03:22:12,38,https://rodriguez.com/
771,81,52,not_started,1995-12-07 19:17:41,0,http://www.morrow.net/
772,81,52,in_progress,2014-04-09 06:26:59,12,https://nichols.net/
773,81,52,in_progress,2000-11-22 21:57:31,32,https://www.vincent.info/
774,81,52,in_progress,2008-02-20 08:37:17,19,http://www.cooper-sawyer.com/
775,81,52,completed,2020-04-25 16:54:31,34,http://www.caldwell-larsen.net/
776,81,128,not_started,1977-12-17 01:31:23,0,https://www.murray-snyder.com/
777,81,128,in_progress,2016-07-02 01:59:21,3,https://www.schwartz.com/
778,81,128,in_progress,1977-11-05 20:15:16,12,https://www.davis-porter.org/
779,81,128,in_progress,2009-06-19 04:04:55,12,https://shaw.com/
780,81,128,completed,2019-10-23 06:00:02,15,https://www.anderson.net/
781,81,116,not_started,1976-09-06 22:22:18,0,https://www.miller-banks.biz/
782,81,116,in_progress,2024-03-20 11:48:53,26,https://armstrong-clark.com/
783,81,116,in_progress,1975-08-27 07:23:49,5,https://www.mitchell.org/
784,81,116,in_progress,2022-09-09 04:23:43,21,http://thompson.com/
785,81,116,completed,1990-12-05 09:49:14,27,http://www.jones-rasmussen.com/
786,82,10,not_started,2005-06-17 04:36:38,0,https://www.brown.info/
787,82,10,in_progress,1999-01-31 12:27:32,17,https://www.meyer-morris.com/
788,82,10,in_progress,1989-04-14 12:20:53,3,https://www.chavez-clayton.com/
789,82,10,in_progress,1992-06-08 18:00:59,3,http://harrington.com/
790,82,10,completed,2002-03-15 17:53:22,21,http://www.garcia-kelley.biz/
791,82,48,not_started,1996-08-03 08:17:31,0,https://www.dean-curtis.com/
792,82,48,in_progress,1986-09-13 20:41:39,3,http://www.byrd.org/
793,82,48,in_progress,2009-03-15 02:48:10,20,http://www.martin-turner.com/
794,82,48,in_progress,1983-09-05 07:31:50,21,http://herrera-marshall.com/
795,82,48,completed,2001-10-04 19:55:11,24,http://www.fields.com/
796,82,7,not_started,2019-07-27 20:50:42,0,http://jones.info/
797,82,7,in_progress,2009-11-11 19:30:51,17,https://adams.com/
798,82,7,in_progress,2020-12-22 21:43:48,11,https://garcia.com/
799,82,7,in_progress,2011-09-21 15:34:06,12,https://marsh.info/
800,82,7,completed,1991-01-22 09:22:43,20,http://www.smith-nelson.biz/
801,83,140,not_started,2006-12-11 01:09:57,0,http://gomez-hurley.org/
802,83,140,in_progress,2004-06-18 06:44:43,12,https://james.com/
803,83,140,in_progress,1978-08-24 14:27:38,20,http://www.smith.com/
804,83,140,in_progress,2013-07-05 10:27:29,2,https://www.morales.com/
805,83,140,completed,1987-02-02 00:48:52,21,http://jones.com/
806,83,119,not_started,2018-04-11 13:58:37,0,http://www.little-sullivan.com/
807,83,119,in_progress,2001-03-22 20:50:17,10,http://www.phelps.com/
808,83,119,in_progress,1979-02-12 10:48:13,3,https://www.anderson.com/
809,83,119,in_progress,1977-03-05 16:52:38,16,https://stewart.biz/
810,83,119,completed,2001-04-01 02:55:50,25,https://www.wilson.com/
811,84,98,not_started,2008-09-02 18:47:34,0,https://nelson-bush.com/
812,84,98,in_progress,1971-08-05 10:46:56,23,http://www.swanson.com/
813,84,98,in_progress,1993-10-01 18:52:21,22,https://www.garcia.com/
814,84,98,in_progress,2010-07-14 16:59:50,17,http://www.fletcher.com/
815,84,98,completed,1996-02-03 22:27:45,30,https://www.anderson.com/
816,84,4,not_started,1971-07-30 14:52:12,0,http://www.martinez-weber.biz/
817,84,4,in_progress,2008-10-25 19:19:12,9,http://floyd-guzman.com/
818,84,4,in_progress,2016-07-19 21:34:57,10,http://www.mendez-boyle.com/
819,84,4,in_progress,2010-07-08 15:15:56,19,http://brown-matthews.com/
820,84,4,completed,2024-02-26 19:31:32,38,http://www.phillips-johnson.net/
821,85,107,not_started,2012-09-16 19:51:56,0,https://www.clark.com/
822,85,107,completed,2018-03-11 13:32:37,22,http://www.norton-ruiz.biz/
823,85,107,in_progress,1970-06-13 12:45:33,9,http://www.mathis.com/
824,85,107,in_progress,2000-09-08 10:23:03,10,http://cole-miller.com/
825,85,107,completed,1991-12-30 13:59:32,22,http://jones-cuevas.com/
826,85,18,not_started,2000-06-21 15:58:22,0,https://www.moore.com/
827,85,18,in_progress,1985-10-22 20:12:32,9,https://www.burnett.net/
828,85,18,in_progress,2001-03-28 04:00:23,7,https://hamilton.com/
829,85,18,in_progress,1990-03-20 05:42:20,9,http://ford-thomas.com/
830,85,18,completed,2004-03-08 13:02:09,12,http://www.snow-phillips.com/
831,86,118,not_started,2018-04-10 08:22:15,0,https://www.cowan.com/
832,86,118,in_progress,1988-07-30 04:20:29,24,https://www.wise-sanders.net/
833,86,118,in_progress,2016-07-01 09:12:00,29,http://www.smith-russell.com/
834,86,118,in_progress,2005-10-23 07:01:04,8,http://russell-thomas.com/
835,86,118,completed,1991-01-25 06:14:21,32,https://www.pruitt.com/
836,86,111,not_started,1981-07-26 22:28:04,0,https://www.brown.com/
837,86,111,completed,2019-01-12 04:42:29,25,http://martin.com/
838,86,111,in_progress,1992-12-27 14:52:20,5,https://www.lopez.com/
839,86,111,in_progress,1995-05-10 13:43:34,13,http://baxter.net/
840,86,111,completed,1994-07-11 15:46:27,25,http://lee.com/
841,86,46,not_started,1987-04-29 15:09:20,0,https://www.hodge.com/
842,86,46,in_progress,2022-10-13 21:33:22,25,http://brown.info/
843,86,46,in_progress,1983-08-30 08:49:34,19,http://nunez.com/
844,86,46,in_progress,2019-12-04 00:51:15,32,https://chapman.net/
845,86,46,completed,1995-08-18 01:06:45,33,https://johnson-thompson.com/
846,87,122,not_started,2010-11-14 08:57:14,0,http://www.rasmussen.com/
847,87,122,in_progress,1979-11-02 12:36:11,5,https://www.miller-reynolds.biz/
848,87,122,in_progress,1990-08-23 13:13:14,9,https://gonzalez.com/
849,87,122,in_progress,2015-01-06 10:02:50,13,https://le.com/
850,87,122,completed,1979-07-03 12:59:34,26,https://brock.com/
851,88,44,not_started,2001-07-28 14:02:29,0,https://lutz.com/
852,88,44,in_progress,2014-04-05 02:42:31,20,https://www.adams.info/
853,88,44,in_progress,1988-09-17 14:10:49,19,http://mitchell-becker.net/
854,88,44,in_progress,1984-09-28 16:22:58,3,https://www.yu.com/
855,88,44,completed,1984-08-20 19:53:11,33,https://ellis-herrera.com/
856,88,50,not_started,2010-01-09 22:45:00,0,http://www.jimenez.com/
857,88,50,in_progress,2023-05-16 10:17:27,41,http://www.torres.com/
858,88,50,in_progress,2019-07-07 15:10:12,10,https://www.patel.com/
859,88,50,in_progress,1984-11-08 11:42:04,29,http://conley.com/
860,88,50,completed,2011-07-26 12:26:37,42,http://www.jackson-willis.com/
861,88,102,not_started,1978-01-02 02:43:36,0,http://www.raymond.com/
862,88,102,in_progress,1976-12-26 09:44:52,13,http://hernandez-gutierrez.biz/
863,88,102,in_progress,2004-10-14 15:07:49,9,https://www.owen-kennedy.com/
864,88,102,in_progress,1996-08-15 13:55:13,7,https://johnson.com/
865,88,102,completed,1973-03-06 07:53:45,28,http://schneider.com/
866,89,100,not_started,2005-04-20 17:16:44,0,https://www.welch-kim.org/
867,89,100,in_progress,1987-09-03 12:14:28,8,http://williamson.net/
868,89,100,in_progress,1991-04-16 23:16:30,38,https://duffy.net/
869,89,100,in_progress,2018-05-26 04:19:52,11,https://www.goodman.com/
870,89,100,completed,1983-02-10 04:05:04,40,https://www.daugherty.com/
871,89,101,not_started,2013-02-14 22:28:42,0,http://www.patel.com/
872,89,101,in_progress,1993-04-22 05:58:22,5,http://russell-jones.biz/
873,89,101,in_progress,2013-07-13 08:35:31,3,http://www.dyer.com/
874,89,101,in_progress,1984-04-01 05:03:15,6,http://www.floyd.com/
875,89,101,completed,1984-06-22 19:43:49,7,https://middleton-smith.biz/
876,89,18,not_started,1995-03-14 07:08:08,0,https://www.hendricks.com/
877,89,18,in_progress,1991-01-13 02:37:31,8,http://mcdonald.com/
878,89,18,in_progress,2002-06-11 09:29:25,4,https://sullivan.com/
879,89,18,in_progress,1981-05-06 22:47:51,5,http://mcdonald-dennis.com/
880,89,18,completed,1985-01-01 05:31:49,12,https://www.rodriguez-lopez.com/
881,90,53,not_started,2007-10-19 12:46:55,0,http://meyer.com/
882,90,53,completed,1979-11-02 19:58:54,5,https://velasquez.info/
883,90,53,completed,2010-06-05 21:48:20,5,http://www.nichols.net/
884,90,53,completed,1979-03-09 13:48:10,5,https://www.martinez.com/
885,90,53,completed,2015-06-17 14:30:06,5,http://garcia.biz/
886,91,95,not_started,1975-09-04 04:05:33,0,https://www.colon.biz/
887,91,95,in_progress,1970-03-27 15:47:12,3,http://www.jones-flores.com/
888,91,95,in_progress,2024-02-22 19:16:08,10,https://www.kline.net/
889,91,95,in_progress,2007-10-06 16:01:49,10,http://www.sosa.com/
890,91,95,completed,1983-04-15 12:13:12,13,http://jones.com/
891,91,91,not_started,1987-02-03 21:51:57,0,http://reid-nelson.com/
892,91,91,in_progress,1989-07-10 16:05:05,1,https://sanchez.com/
893,91,91,in_progress,2020-09-19 02:53:19,7,http://www.moore.com/
894,91,91,in_progress,2011-12-15 23:46:55,3,http://www.howard-thomas.info/
895,91,91,completed,2010-03-16 11:10:00,13,http://thomas-rodriguez.com/
896,92,82,not_started,1997-12-01 12:32:32,0,http://henry-baker.com/
897,92,82,in_progress,1999-08-24 01:07:26,4,http://gomez.com/
898,92,82,in_progress,2003-11-21 07:25:42,12,http://davis.net/
899,92,82,in_progress,1997-02-23 15:38:54,5,https://www.mitchell.info/
900,92,82,completed,2000-12-24 06:05:54,15,https://howard.org/
901,93,44,not_started,1986-09-28 18:56:12,0,http://thomas.com/
902,93,44,completed,2022-12-08 12:02:58,33,http://www.yang-robinson.com/
903,93,44,in_progress,1997-03-10 21:26:25,16,http://www.gross.com/
904,93,44,in_progress,1998-11-26 19:12:30,3,http://michael-tanner.com/
905,93,44,completed,1999-04-06 15:02:20,33,https://aguilar-molina.com/
906,93,47,not_started,1981-09-18 08:23:53,0,http://soto-bowers.net/
907,93,47,in_progress,2008-02-16 20:52:50,33,https://www.martinez.net/
908,93,47,in_progress,1976-07-30 01:08:18,31,http://www.fernandez.org/
909,93,47,in_progress,1974-10-18 00:54:25,20,http://rogers.biz/
910,93,47,completed,1984-07-13 23:13:49,34,https://www.smith.com/
911,94,75,not_started,2009-02-02 04:37:11,0,http://beck-taylor.com/
912,94,75,in_progress,2018-07-08 04:19:26,19,https://brown.com/
913,94,75,in_progress,2003-06-01 04:46:02,14,https://www.matthews.com/
914,94,75,in_progress,1990-08-23 09:53:37,8,https://green.com/
915,94,75,completed,2023-06-26 20:25:25,20,http://johnston.com/
916,94,85,not_started,1976-07-19 21:31:31,0,https://www.lewis.com/
917,94,85,in_progress,1990-08-15 15:09:51,17,http://paul.com/
918,94,85,in_progress,1972-05-22 10:13:01,10,http://ramos.com/
919,94,85,in_progress,2015-09-03 14:56:41,20,https://johnson.com/
920,94,85,completed,1987-10-25 04:34:03,40,http://www.hurley.com/
921,95,34,not_started,1991-10-23 03:38:44,0,https://www.owens-ferguson.biz/
922,95,34,in_progress,2001-11-02 07:50:01,3,https://www.krause.info/
923,95,34,in_progress,1997-01-01 21:43:08,24,http://nash.org/
924,95,34,in_progress,1998-05-28 14:34:07,7,http://briggs.com/
925,95,34,completed,1975-10-17 04:22:04,29,https://www.baker.com/
926,96,72,not_started,1995-12-21 05:42:47,0,http://craig.com/
927,96,72,in_progress,1993-06-17 01:56:23,14,https://www.butler-smith.net/
928,96,72,in_progress,2010-03-08 12:22:29,31,https://cooper.net/
929,96,72,in_progress,1979-02-09 23:25:29,43,https://www.johnson.info/
930,96,72,completed,1972-09-07 08:44:10,46,https://www.williams-castro.com/
931,96,34,not_started,1997-07-16 11:24:40,0,http://www.bennett.biz/
932,96,34,in_progress,2021-02-07 17:42:00,4,http://www.riley-page.com/
933,96,34,in_progress,2022-06-26 06:40:21,2,http://black-garcia.com/
934,96,34,in_progress,1989-02-05 01:45:46,23,https://brown.biz/
935,96,34,completed,1989-10-17 04:02:00,29,http://www.shaffer.org/
936,97,79,not_started,1988-04-21 17:10:40,0,https://phillips-cox.com/
937,97,79,in_progress,1972-05-23 02:20:42,12,https://lee.net/
938,97,79,in_progress,1974-03-05 13:40:15,21,http://wilson.com/
939,97,79,in_progress,1977-09-23 18:13:13,11,http://www.vazquez-patel.com/
940,97,79,completed,1984-06-10 19:31:35,22,https://www.wilson.com/
941,97,44,not_started,1972-04-19 20:43:42,0,http://www.smith.com/
942,97,44,in_progress,1981-10-16 10:34:07,21,http://myers.com/
943,97,44,in_progress,1995-01-01 20:05:08,22,http://gray.com/
944,97,44,in_progress,1998-07-12 22:03:14,2,https://reid.info/
945,97,44,completed,1984-12-04 16:40:03,33,https://www.arnold.com/
946,98,49,not_started,1991-04-08 10:26:22,0,https://rocha.biz/
947,98,49,in_progress,2000-03-27 18:50:43,9,https://olson.com/
948,98,49,in_progress,1998-10-01 14:15:28,6,https://jimenez.net/
949,98,49,in_progress,2007-02-17 10:42:24,38,https://www.barnes.com/
950,98,49,completed,1994-09-03 13:28:59,46,http://www.gregory.com/
951,99,81,not_started,2007-09-07 21:10:34,0,http://www.quinn.net/
952,99,81,in_progress,1992-12-14 23:01:12,3,https://www.riley.com/
953,99,81,in_progress,1989-04-03 04:35:54,3,http://www.torres.net/
954,99,81,completed,1985-03-23 07:21:04,6,http://www.morrow.com/
955,99,81,completed,2020-03-26 12:15:04,6,http://mejia-newman.info/
956,99,44,not_started,1979-01-20 22:40:40,0,https://www.rodriguez.biz/
957,99,44,in_progress,1990-07-11 01:14:47,27,http://jones.com/
958,99,44,in_progress,1992-09-09 05:20:32,9,https://www.richards.com/
959,99,44,in_progress,1973-12-24 19:32:46,25,http://jenkins-hoover.info/
960,99,44,completed,2017-03-10 11:44:16,33,http://www.hicks-brooks.biz/
961,100,135,not_started,1976-04-20 03:08:52,0,https://butler.net/
962,100,135,in_progress,1996-09-14 15:47:49,4,http://www.miller.com/
963,100,135,in_progress,2013-11-14 05:34:54,1,https://www.davis-brown.info/
964,100,135,in_progress,2021-08-22 16:59:02,1,https://kerr.org/
965,100,135,completed,2016-09-04 06:20:35,6,http://www.kim.info/
966,100,45,not_started,1975-11-19 08:55:46,0,http://www.johnson-wilson.biz/
967,100,45,in_progress,2014-07-19 01:32:54,32,http://poole-gamble.info/
968,100,45,in_progress,1980-04-04 07:39:08,22,http://www.schaefer.net/
969,100,45,in_progress,2006-05-17 14:43:37,37,http://brewer.com/
970,100,45,completed,2022-12-01 04:36:52,48,https://www.daugherty.com/
971,100,3,not_started,2005-06-09 22:16:38,0,https://simpson-brown.net/
972,100,3,in_progress,2006-06-30 09:47:54,25,http://www.villa.biz/
973,100,3,in_progress,1987-06-10 10:24:00,8,https://higgins.org/
974,100,3,in_progress,1972-08-26 00:43:24,15,http://www.white-galloway.com/
975,100,3,completed,1986-07-28 17:12:02,32,http://www.joseph.com/
