userId,skillId,level
1,79,Beginner
1,3,Intermediate
1,151,Advanced
1,171,Advanced
1,107,Intermediate
1,52,Beginner
1,4,Beginner
1,41,Beginner
2,197,Advanced
2,134,Advanced
2,57,Advanced
2,118,Beginner
2,39,Advanced
2,112,Intermediate
2,93,Intermediate
2,177,Beginner
2,74,Advanced
2,136,Beginner
3,33,Advanced
3,105,Beginner
3,180,Beginner
3,167,Intermediate
3,183,Intermediate
3,97,Advanced
3,126,Beginner
3,58,Intermediate
3,102,Intermediate
3,115,Advanced
3,2,Advanced
3,120,Beginner
4,107,Advanced
4,130,Advanced
4,96,Beginner
4,156,Intermediate
4,61,Advanced
4,116,Beginner
4,178,Beginner
4,150,Beginner
5,54,Beginner
5,69,Intermediate
5,75,Intermediate
5,31,Beginner
5,8,Advanced
5,25,Advanced
6,158,Intermediate
7,81,Advanced
7,1,Intermediate
7,130,Beginner
7,139,Advanced
7,129,Intermediate
7,54,Intermediate
7,106,Beginner
7,43,Intermediate
7,82,Intermediate
8,76,Beginner
8,55,Intermediate
8,61,Advanced
8,7,Beginner
8,82,Beginner
8,148,Intermediate
8,42,Advanced
9,142,Beginner
9,23,Intermediate
9,64,Intermediate
9,109,Intermediate
9,111,Beginner
9,13,Intermediate
9,27,Intermediate
9,21,Beginner
9,38,Advanced
9,51,Beginner
9,163,Advanced
9,69,Advanced
9,128,Intermediate
9,94,Advanced
9,158,Intermediate
9,119,Intermediate
10,130,Advanced
10,111,Intermediate
10,8,Advanced
10,44,Intermediate
10,64,Advanced
10,71,Beginner
10,175,Advanced
10,172,Advanced
10,97,Intermediate
10,40,Advanced
10,166,Beginner
11,87,Beginner
11,193,Advanced
11,26,Beginner
11,103,Intermediate
11,40,Beginner
11,200,Advanced
11,141,Advanced
11,76,Beginner
11,53,Intermediate
11,69,Advanced
11,173,Advanced
11,15,Beginner
11,133,Intermediate
12,146,Intermediate
12,194,Advanced
12,70,Advanced
12,140,Beginner
12,60,Advanced
12,62,Advanced
12,101,Intermediate
12,166,Intermediate
13,63,Advanced
13,184,Intermediate
13,20,Intermediate
14,81,Beginner
14,88,Advanced
14,147,Intermediate
14,38,Beginner
14,16,Advanced
14,186,Beginner
14,156,Beginner
14,121,Advanced
14,42,Beginner
14,21,Advanced
14,112,Advanced
14,91,Beginner
14,184,Beginner
14,171,Beginner
14,193,Beginner
15,110,Beginner
15,30,Advanced
15,104,Beginner
15,200,Beginner
15,141,Beginner
16,104,Intermediate
16,175,Advanced
16,189,Advanced
16,149,Advanced
16,14,Intermediate
16,59,Beginner
16,117,Intermediate
16,57,Advanced
16,87,Advanced
16,163,Advanced
16,171,Intermediate
16,120,Intermediate
16,86,Beginner
16,181,Intermediate
16,139,Intermediate
17,50,Intermediate
17,55,Advanced
17,174,Beginner
17,142,Advanced
17,151,Advanced
17,126,Advanced
17,19,Advanced
17,105,Intermediate
17,74,Beginner
17,79,Beginner
17,88,Intermediate
17,8,Beginner
17,117,Intermediate
18,28,Beginner
19,196,Intermediate
19,27,Intermediate
20,41,Intermediate
20,71,Beginner
20,140,Advanced
20,17,Advanced
20,32,Beginner
20,158,Advanced
20,152,Beginner
20,101,Advanced
20,28,Beginner
21,37,Advanced
21,80,Intermediate
21,191,Intermediate
21,21,Intermediate
21,43,Beginner
22,132,Beginner
22,116,Intermediate
22,158,Beginner
22,198,Beginner
22,175,Intermediate
22,46,Beginner
22,45,Advanced
22,173,Intermediate
22,37,Advanced
22,59,Beginner
22,5,Beginner
22,49,Beginner
22,94,Advanced
22,170,Beginner
22,63,Beginner
23,177,Intermediate
23,139,Beginner
23,181,Intermediate
23,80,Beginner
23,113,Beginner
23,109,Beginner
23,68,Beginner
23,69,Beginner
23,105,Beginner
23,58,Intermediate
23,161,Advanced
24,96,Intermediate
25,75,Beginner
25,142,Intermediate
25,13,Advanced
25,27,Beginner
25,21,Intermediate
25,38,Advanced
25,51,Beginner
25,159,Beginner
25,111,Advanced
25,89,Intermediate
25,176,Intermediate
25,189,Beginner
25,163,Advanced
26,159,Beginner
26,129,Advanced
27,69,Advanced
27,25,Beginner
27,102,Advanced
27,64,Advanced
27,33,Advanced
28,12,Intermediate
28,155,Beginner
28,104,Advanced
28,17,Intermediate
28,173,Intermediate
29,111,Advanced
29,30,Intermediate
29,21,Intermediate
29,184,Beginner
29,107,Intermediate
29,113,Intermediate
29,168,Beginner
29,7,Beginner
29,63,Beginner
29,174,Intermediate
29,147,Beginner
30,156,Advanced
30,39,Advanced
30,144,Beginner
30,190,Intermediate
30,5,Beginner
30,110,Beginner
30,146,Intermediate
30,173,Intermediate
30,33,Beginner
30,44,Advanced
31,200,Advanced
31,42,Advanced
31,188,Intermediate
31,39,Intermediate
31,156,Intermediate
31,196,Advanced
31,120,Intermediate
31,83,Advanced
31,40,Intermediate
31,125,Advanced
31,58,Beginner
31,57,Intermediate
31,128,Beginner
31,5,Intermediate
31,198,Advanced
32,103,Beginner
32,30,Intermediate
32,8,Beginner
32,184,Beginner
32,53,Beginner
32,41,Advanced
32,179,Beginner
32,135,Beginner
32,81,Beginner
32,3,Beginner
32,75,Advanced
33,187,Intermediate
33,194,Advanced
34,55,Advanced
34,95,Beginner
34,75,Intermediate
34,163,Intermediate
34,109,Advanced
34,120,Beginner
34,124,Intermediate
34,137,Beginner
35,35,Intermediate
35,6,Advanced
35,151,Advanced
35,42,Intermediate
35,71,Advanced
35,128,Intermediate
35,67,Advanced
35,96,Advanced
35,122,Intermediate
35,118,Intermediate
35,25,Advanced
35,39,Intermediate
35,3,Intermediate
35,196,Intermediate
36,102,Beginner
36,8,Beginner
36,111,Intermediate
37,126,Advanced
38,149,Beginner
38,75,Intermediate
38,32,Beginner
38,181,Advanced
38,83,Intermediate
38,135,Beginner
38,177,Advanced
38,170,Advanced
38,116,Beginner
38,63,Intermediate
38,23,Advanced
38,147,Intermediate
38,152,Intermediate
38,34,Intermediate
38,76,Advanced
39,104,Intermediate
39,43,Advanced
39,26,Intermediate
39,149,Beginner
39,9,Advanced
39,161,Advanced
39,93,Beginner
39,100,Beginner
39,133,Beginner
39,89,Beginner
39,188,Advanced
39,74,Intermediate
39,110,Beginner
39,125,Advanced
39,11,Advanced
39,46,Intermediate
39,40,Advanced
39,21,Intermediate
39,22,Advanced
39,166,Advanced
40,56,Beginner
40,124,Beginner
40,37,Beginner
40,194,Intermediate
40,126,Intermediate
40,93,Beginner
40,87,Advanced
40,78,Intermediate
41,17,Advanced
41,168,Advanced
41,178,Advanced
41,177,Intermediate
41,81,Beginner
42,38,Advanced
42,93,Beginner
42,152,Advanced
42,102,Intermediate
42,113,Intermediate
42,16,Advanced
42,70,Advanced
43,83,Beginner
43,58,Beginner
43,182,Beginner
44,179,Beginner
44,41,Beginner
44,44,Beginner
44,5,Advanced
44,58,Beginner
45,28,Advanced
45,150,Intermediate
45,15,Advanced
46,129,Advanced
46,186,Beginner
46,151,Intermediate
46,160,Advanced
47,118,Beginner
47,170,Beginner
47,165,Intermediate
47,46,Intermediate
47,164,Intermediate
47,145,Intermediate
47,112,Beginner
47,3,Intermediate
47,179,Beginner
47,85,Intermediate
47,103,Advanced
48,187,Beginner
48,78,Intermediate
48,141,Intermediate
48,54,Intermediate
48,41,Advanced
49,85,Intermediate
49,196,Beginner
49,1,Advanced
49,15,Beginner
50,13,Advanced
50,177,Beginner
50,62,Intermediate
50,83,Beginner
50,121,Beginner
50,104,Advanced
50,134,Advanced
50,41,Advanced
50,38,Advanced
50,171,Intermediate
50,195,Advanced
50,198,Beginner
51,66,Advanced
51,8,Advanced
51,185,Intermediate
51,164,Advanced
51,161,Intermediate
51,160,Beginner
51,22,Intermediate
51,133,Advanced
51,168,Beginner
51,19,Beginner
52,80,Beginner
52,31,Advanced
52,108,Advanced
52,9,Advanced
52,105,Advanced
52,74,Advanced
52,79,Beginner
52,88,Advanced
52,8,Beginner
52,117,Intermediate
53,23,Advanced
53,31,Advanced
53,173,Beginner
53,125,Beginner
53,197,Advanced
54,43,Advanced
54,184,Beginner
54,18,Beginner
54,115,Beginner
54,1,Beginner
54,174,Intermediate
55,134,Intermediate
55,178,Advanced
55,33,Beginner
55,198,Intermediate
56,119,Intermediate
56,166,Beginner
56,196,Advanced
56,186,Beginner
56,60,Advanced
56,75,Beginner
56,120,Advanced
56,174,Advanced
56,156,Beginner
57,71,Advanced
57,42,Advanced
57,26,Intermediate
57,166,Intermediate
57,2,Advanced
57,63,Beginner
57,85,Intermediate
57,169,Intermediate
57,188,Advanced
57,146,Advanced
57,17,Beginner
57,158,Beginner
57,152,Beginner
57,101,Beginner
57,28,Beginner
58,168,Advanced
58,27,Advanced
58,118,Beginner
58,170,Intermediate
58,78,Intermediate
59,101,Intermediate
59,158,Beginner
59,3,Advanced
59,172,Beginner
60,93,Beginner
60,129,Advanced
60,95,Advanced
60,149,Intermediate
60,59,Advanced
60,43,Beginner
60,144,Intermediate
60,84,Advanced
60,156,Intermediate
60,158,Advanced
60,154,Beginner
60,115,Advanced
60,195,Advanced
61,81,Advanced
61,88,Beginner
61,166,Intermediate
61,159,Advanced
61,138,Advanced
61,86,Advanced
61,57,Advanced
61,100,Advanced
61,75,Beginner
61,145,Intermediate
62,117,Advanced
62,178,Intermediate
62,83,Intermediate
62,199,Beginner
62,37,Beginner
62,101,Intermediate
62,59,Advanced
62,132,Advanced
63,55,Advanced
63,67,Beginner
63,21,Advanced
63,106,Advanced
63,83,Advanced
63,167,Intermediate
63,172,Beginner
63,76,Intermediate
63,134,Beginner
63,129,Advanced
63,54,Beginner
63,43,Beginner
63,82,Intermediate
63,40,Advanced
64,164,Beginner
64,68,Intermediate
64,86,Beginner
64,37,Beginner
64,65,Intermediate
64,114,Intermediate
64,18,Advanced
64,158,Beginner
64,45,Beginner
65,144,Advanced
65,15,Advanced
65,96,Beginner
65,78,Intermediate
65,188,Intermediate
65,24,Beginner
65,33,Beginner
65,87,Beginner
65,105,Beginner
66,81,Beginner
66,180,Intermediate
66,82,Advanced
66,45,Beginner
66,13,Intermediate
66,1,Advanced
66,120,Beginner
66,193,Intermediate
66,70,Advanced
66,119,Intermediate
66,49,Intermediate
66,136,Beginner
67,46,Beginner
67,85,Beginner
67,109,Advanced
68,86,Beginner
68,150,Advanced
68,35,Beginner
68,149,Advanced
68,46,Beginner
68,105,Beginner
68,43,Intermediate
68,126,Advanced
68,58,Advanced
69,149,Beginner
69,41,Intermediate
69,198,Beginner
69,87,Intermediate
69,123,Advanced
69,17,Advanced
69,139,Advanced
69,172,Beginner
69,76,Advanced
70,91,Intermediate
70,199,Advanced
70,181,Intermediate
71,36,Advanced
71,192,Beginner
71,91,Beginner
71,117,Advanced
71,175,Intermediate
71,27,Beginner
71,106,Intermediate
71,54,Beginner
71,165,Advanced
72,177,Advanced
72,178,Advanced
72,8,Beginner
72,171,Intermediate
72,155,Beginner
72,51,Intermediate
73,37,Intermediate
73,13,Beginner
73,4,Beginner
73,24,Beginner
73,141,Beginner
73,134,Advanced
73,77,Intermediate
74,146,Beginner
74,15,Beginner
75,110,Intermediate
75,87,Beginner
75,37,Advanced
75,18,Advanced
75,100,Intermediate
75,186,Intermediate
75,122,Advanced
75,147,Beginner
75,142,Intermediate
75,156,Advanced
75,83,Advanced
75,199,Advanced
75,101,Advanced
75,59,Beginner
75,132,Beginner
76,155,Advanced
76,84,Intermediate
76,146,Advanced
76,122,Advanced
76,45,Intermediate
76,180,Beginner
76,88,Beginner
76,37,Advanced
76,65,Beginner
76,114,Advanced
77,54,Intermediate
77,78,Intermediate
77,193,Intermediate
77,39,Intermediate
77,179,Advanced
78,57,Advanced
78,158,Advanced
78,154,Advanced
78,115,Intermediate
78,195,Beginner
79,75,Advanced
79,165,Beginner
79,200,Beginner
79,113,Advanced
79,64,Beginner
79,34,Advanced
79,159,Beginner
79,44,Advanced
79,91,Advanced
79,57,Intermediate
79,199,Beginner
79,96,Beginner
79,123,Advanced
79,105,Advanced
79,160,Advanced
79,74,Beginner
79,29,Beginner
79,136,Intermediate
79,138,Beginner
79,184,Beginner
79,46,Beginner
79,52,Beginner
79,83,Beginner
80,31,Advanced
80,25,Intermediate
80,188,Beginner
80,28,Intermediate
80,115,Advanced
81,66,Beginner
82,61,Advanced
82,2,Beginner
82,128,Advanced
82,15,Beginner
82,50,Intermediate
82,136,Advanced
82,196,Intermediate
83,153,Intermediate
83,158,Beginner
83,54,Intermediate
83,41,Intermediate
84,165,Intermediate
84,161,Advanced
84,45,Advanced
84,81,Advanced
84,162,Advanced
84,7,Intermediate
84,82,Beginner
84,148,Beginner
84,42,Advanced
85,39,Beginner
85,90,Intermediate
85,134,Advanced
85,57,Intermediate
85,143,Intermediate
85,147,Beginner
85,51,Intermediate
85,20,Intermediate
85,97,Beginner
85,88,Beginner
85,75,Advanced
85,65,Advanced
85,87,Advanced
85,133,Advanced
85,94,Beginner
86,188,Beginner
86,5,Intermediate
86,77,Advanced
86,175,Advanced
87,160,Beginner
87,25,Advanced
88,162,Advanced
88,96,Intermediate
88,131,Advanced
88,192,Advanced
88,137,Intermediate
88,65,Intermediate
88,120,Beginner
88,13,Intermediate
88,20,Advanced
88,97,Advanced
89,171,Beginner
89,92,Beginner
89,161,Beginner
89,111,Beginner
89,156,Advanced
89,196,Beginner
89,120,Advanced
89,83,Beginner
89,40,Intermediate
89,123,Beginner
89,137,Beginner
89,4,Beginner
90,91,Advanced
90,111,Intermediate
90,170,Intermediate
91,120,Advanced
91,13,Beginner
91,20,Beginner
91,97,Beginner
92,106,Intermediate
92,183,Intermediate
92,37,Intermediate
92,134,Intermediate
92,177,Beginner
92,47,Advanced
92,91,Advanced
93,53,Intermediate
93,96,Advanced
93,158,Intermediate
93,35,Advanced
93,46,Advanced
94,15,Advanced
94,130,Advanced
94,125,Intermediate
94,73,Beginner
95,31,Intermediate
96,74,Intermediate
96,137,Beginner
96,8,Intermediate
96,75,Intermediate
96,129,Intermediate
96,71,Beginner
97,51,Intermediate
97,187,Beginner
97,87,Intermediate
97,93,Beginner
97,144,Intermediate
97,102,Beginner
97,2,Advanced
97,135,Beginner
97,191,Advanced
97,139,Intermediate
97,103,Intermediate
97,60,Advanced
98,121,Advanced
98,167,Intermediate
98,4,Advanced
98,71,Advanced
98,174,Intermediate
98,23,Advanced
98,166,Beginner
98,54,Intermediate
98,86,Beginner
98,8,Intermediate
99,174,Intermediate
99,137,Intermediate
99,45,Beginner
99,191,Advanced
99,111,Intermediate
99,158,Intermediate
99,177,Advanced
99,60,Intermediate
99,30,Advanced
99,8,Intermediate
99,184,Beginner
99,53,Advanced
100,41,Advanced
100,81,Intermediate
100,53,Advanced
100,113,Intermediate
100,56,Beginner
100,156,Intermediate
100,190,Advanced
100,50,Advanced
100,174,Advanced
100,176,Intermediate
101,39,Intermediate
101,25,Intermediate
101,117,Intermediate
101,175,Intermediate
101,27,Intermediate
102,197,Beginner
102,19,Advanced
102,150,Advanced
103,81,Beginner
103,179,Beginner
103,38,Beginner
103,171,Intermediate
103,195,Beginner
103,198,Beginner
103,54,Advanced
103,8,Intermediate
103,52,Advanced
103,124,Intermediate
103,37,Beginner
104,167,Advanced
104,143,Beginner
104,50,Intermediate
104,138,Beginner
104,197,Intermediate
104,5,Beginner
104,39,Intermediate
104,42,Advanced
104,72,Intermediate
104,108,Advanced
105,178,Advanced
105,39,Beginner
105,45,Beginner
105,127,Advanced
105,99,Advanced
105,100,Advanced
105,16,Intermediate
105,172,Advanced
105,133,Intermediate
106,87,Advanced
106,106,Intermediate
106,8,Advanced
106,131,Advanced
107,156,Beginner
107,79,Beginner
107,154,Intermediate
107,99,Beginner
107,63,Intermediate
107,196,Advanced
107,189,Advanced
107,193,Intermediate
107,86,Advanced
107,165,Advanced
108,35,Intermediate
108,118,Advanced
108,194,Intermediate
108,172,Beginner
108,47,Beginner
108,162,Beginner
108,161,Beginner
108,36,Beginner
109,122,Beginner
109,69,Intermediate
109,173,Advanced
109,196,Beginner
109,84,Advanced
109,118,Intermediate
109,108,Beginner
110,98,Beginner
110,60,Intermediate
110,80,Beginner
111,43,Advanced
111,126,Beginner
111,130,Beginner
112,112,Beginner
112,120,Advanced
112,118,Intermediate
112,179,Intermediate
112,149,Beginner
112,197,Advanced
112,45,Advanced
112,75,Advanced
112,122,Advanced
112,72,Advanced
112,159,Advanced
112,111,Intermediate
112,89,Intermediate
112,176,Beginner
112,189,Beginner
112,163,Intermediate
113,11,Beginner
114,111,Advanced
114,92,Advanced
114,136,Intermediate
114,34,Intermediate
114,174,Intermediate
114,120,Advanced
114,9,Advanced
114,116,Advanced
114,23,Advanced
115,71,Beginner
115,128,Intermediate
115,40,Intermediate
116,129,Advanced
116,71,Intermediate
116,69,Advanced
116,26,Advanced
116,50,Intermediate
117,69,Intermediate
117,68,Beginner
117,17,Advanced
117,139,Intermediate
117,172,Advanced
117,76,Intermediate
117,136,Beginner
117,23,Intermediate
117,113,Intermediate
118,164,Advanced
118,23,Beginner
118,135,Advanced
118,166,Beginner
118,66,Beginner
118,89,Beginner
118,38,Advanced
118,171,Intermediate
118,195,Intermediate
118,198,Beginner
118,18,Beginner
118,192,Advanced
118,131,Intermediate
119,165,Intermediate
119,19,Intermediate
119,30,Advanced
119,55,Intermediate
119,139,Advanced
119,83,Intermediate
120,181,Intermediate
120,81,Beginner
120,48,Beginner
120,168,Beginner
120,150,Intermediate
120,84,Intermediate
120,166,Beginner
120,17,Beginner
120,98,Intermediate
120,197,Intermediate
120,94,Intermediate
120,131,Intermediate
120,152,Intermediate
120,39,Intermediate
120,29,Advanced
120,88,Intermediate
120,87,Intermediate
121,169,Intermediate
121,180,Intermediate
121,197,Intermediate
122,51,Intermediate
122,34,Beginner
122,77,Intermediate
122,101,Advanced
122,47,Intermediate
123,68,Beginner
123,1,Advanced
124,151,Advanced
124,101,Intermediate
125,22,Intermediate
125,12,Advanced
125,152,Beginner
125,23,Beginner
125,88,Beginner
125,196,Intermediate
125,104,Beginner
125,128,Intermediate
126,28,Intermediate
126,125,Intermediate
127,7,Intermediate
127,141,Advanced
127,86,Intermediate
127,129,Beginner
128,151,Beginner
128,119,Advanced
128,40,Advanced
128,196,Intermediate
128,174,Advanced
128,36,Intermediate
128,86,Intermediate
128,123,Advanced
129,36,Intermediate
129,147,Beginner
130,66,Advanced
130,157,Beginner
130,187,Advanced
130,194,Beginner
130,152,Advanced
130,126,Advanced
130,109,Advanced
130,1,Advanced
130,167,Intermediate
130,28,Beginner
130,22,Intermediate
130,47,Advanced
130,183,Beginner
130,140,Beginner
130,27,Beginner
131,85,Beginner
131,30,Intermediate
131,34,Beginner
131,15,Intermediate
131,93,Intermediate
131,4,Advanced
131,141,Intermediate
132,39,Advanced
132,27,Beginner
132,111,Intermediate
132,160,Intermediate
132,22,Intermediate
132,133,Beginner
132,168,Advanced
132,19,Beginner
132,122,Beginner
132,190,Intermediate
132,5,Intermediate
132,110,Advanced
132,146,Beginner
133,81,Beginner
133,158,Intermediate
133,199,Beginner
133,70,Advanced
133,42,Advanced
133,135,Beginner
133,1,Beginner
133,65,Advanced
134,195,Advanced
134,162,Beginner
134,153,Advanced
134,169,Beginner
134,3,Intermediate
134,190,Advanced
134,5,Beginner
134,110,Intermediate
134,146,Advanced
134,13,Beginner
134,20,Beginner
134,97,Intermediate
135,158,Advanced
135,105,Intermediate
135,140,Beginner
135,122,Beginner
135,174,Beginner
135,178,Intermediate
135,110,Beginner
135,45,Beginner
135,66,Advanced
135,16,Advanced
135,198,Intermediate
135,26,Beginner
135,71,Advanced
136,154,Beginner
136,142,Intermediate
136,17,Intermediate
136,97,Intermediate
136,115,Advanced
136,131,Advanced
136,165,Advanced
136,161,Beginner
136,198,Intermediate
136,53,Intermediate
137,195,Beginner
137,188,Intermediate
137,162,Advanced
137,78,Intermediate
137,17,Advanced
137,14,Beginner
137,76,Beginner
138,180,Intermediate
138,28,Intermediate
138,120,Intermediate
138,14,Intermediate
138,186,Advanced
138,160,Beginner
138,49,Beginner
138,99,Beginner
138,68,Beginner
138,73,Advanced
139,75,Intermediate
139,197,Advanced
139,163,Intermediate
140,28,Advanced
140,136,Intermediate
140,23,Advanced
140,113,Intermediate
140,78,Beginner
140,191,Advanced
140,96,Beginner
140,29,Beginner
140,104,Intermediate
141,168,Beginner
141,115,Intermediate
141,49,Advanced
141,136,Advanced
141,106,Advanced
141,83,Beginner
141,167,Beginner
141,172,Beginner
141,76,Beginner
141,134,Advanced
141,123,Beginner
141,137,Intermediate
141,4,Intermediate
142,58,Advanced
142,192,Beginner
142,61,Intermediate
142,184,Intermediate
142,130,Intermediate
143,74,Intermediate
144,129,Beginner
144,143,Intermediate
144,12,Advanced
144,39,Beginner
144,63,Intermediate
144,92,Beginner
144,14,Intermediate
144,94,Intermediate
144,121,Intermediate
144,199,Intermediate
144,56,Intermediate
144,173,Beginner
144,69,Beginner
144,178,Advanced
144,152,Beginner
144,29,Beginner
144,88,Intermediate
144,87,Advanced
144,84,Advanced
145,168,Advanced
145,2,Beginner
145,60,Beginner
145,24,Advanced
145,33,Advanced
145,87,Beginner
145,105,Intermediate
146,134,Intermediate
146,183,Intermediate
146,43,Advanced
146,122,Intermediate
146,25,Intermediate
146,39,Intermediate
146,166,Beginner
146,54,Beginner
146,41,Beginner
146,187,Advanced
147,18,Beginner
147,86,Intermediate
147,186,Beginner
147,164,Beginner
148,109,Intermediate
148,173,Beginner
148,170,Advanced
148,122,Beginner
148,93,Beginner
148,8,Intermediate
148,154,Beginner
149,188,Advanced
149,16,Beginner
149,29,Advanced
149,28,Intermediate
149,135,Intermediate
149,166,Intermediate
149,17,Advanced
149,98,Intermediate
149,197,Beginner
149,94,Beginner
149,131,Advanced
150,175,Advanced
150,19,Advanced
150,13,Intermediate
150,147,Advanced
150,129,Intermediate
151,149,Beginner
151,58,Intermediate
151,144,Beginner
151,99,Advanced
151,143,Beginner
151,166,Beginner
152,200,Beginner
152,39,Intermediate
152,7,Advanced
152,127,Intermediate
152,135,Advanced
152,81,Beginner
152,3,Advanced
152,75,Advanced
153,179,Intermediate
153,28,Advanced
153,153,Beginner
153,63,Advanced
153,48,Intermediate
154,145,Intermediate
154,40,Beginner
154,30,Advanced
155,37,Intermediate
155,189,Intermediate
155,192,Beginner
155,75,Advanced
155,129,Intermediate
155,71,Intermediate
156,5,Intermediate
156,82,Beginner
156,100,Advanced
156,185,Beginner
156,169,Advanced
156,18,Beginner
156,192,Intermediate
156,131,Intermediate
156,199,Beginner
156,3,Intermediate
157,59,Intermediate
157,79,Advanced
157,144,Intermediate
157,8,Advanced
157,193,Advanced
157,34,Beginner
157,71,Intermediate
157,129,Beginner
157,111,Advanced
158,159,Beginner
158,60,Advanced
158,136,Beginner
158,41,Advanced
158,97,Intermediate
159,163,Advanced
159,79,Advanced
159,143,Advanced
159,170,Advanced
159,164,Advanced
159,55,Beginner
159,154,Advanced
159,133,Intermediate
159,17,Intermediate
159,12,Advanced
159,64,Intermediate
159,94,Advanced
159,99,Advanced
159,47,Intermediate
159,136,Beginner
159,23,Beginner
159,113,Advanced
160,117,Intermediate
160,57,Advanced
160,158,Beginner
160,72,Intermediate
160,150,Advanced
160,189,Advanced
160,155,Advanced
160,51,Intermediate
160,78,Intermediate
160,191,Advanced
160,28,Intermediate
160,96,Advanced
160,29,Beginner
160,104,Intermediate
161,186,Advanced
161,148,Beginner
161,26,Advanced
161,101,Advanced
161,141,Intermediate
161,169,Beginner
161,18,Intermediate
161,43,Intermediate
161,33,Intermediate
161,94,Advanced
161,82,Intermediate
161,149,Beginner
161,46,Intermediate
161,105,Intermediate
161,126,Intermediate
161,58,Beginner
162,115,Intermediate
163,83,Advanced
163,25,Intermediate
163,170,Advanced
163,90,Advanced
163,10,Intermediate
163,3,Intermediate
163,49,Beginner
163,66,Intermediate
163,121,Beginner
163,117,Beginner
163,144,Beginner
163,38,Beginner
164,178,Intermediate
164,139,Advanced
164,131,Advanced
164,120,Intermediate
164,118,Beginner
164,179,Intermediate
164,149,Intermediate
164,197,Beginner
165,118,Intermediate
165,160,Beginner
165,1,Intermediate
165,64,Advanced
166,144,Beginner
166,89,Intermediate
166,133,Intermediate
166,25,Beginner
167,191,Advanced
167,2,Advanced
167,88,Beginner
167,48,Intermediate
167,120,Beginner
168,155,Intermediate
168,97,Intermediate
168,43,Beginner
168,175,Intermediate
168,2,Advanced
168,3,Beginner
168,102,Advanced
168,104,Beginner
168,158,Intermediate
168,139,Advanced
168,162,Advanced
168,173,Beginner
168,51,Beginner
168,117,Intermediate
168,26,Intermediate
168,109,Beginner
168,120,Intermediate
168,174,Intermediate
168,156,Beginner
169,124,Intermediate
169,76,Beginner
169,188,Intermediate
169,45,Beginner
169,30,Intermediate
169,48,Beginner
169,125,Beginner
169,10,Beginner
169,46,Intermediate
170,29,Advanced
170,77,Advanced
170,140,Advanced
170,48,Advanced
170,56,Beginner
170,31,Advanced
170,9,Intermediate
170,116,Intermediate
170,137,Advanced
170,118,Intermediate
170,158,Intermediate
170,114,Advanced
170,68,Intermediate
170,41,Intermediate
170,49,Beginner
171,34,Advanced
171,149,Intermediate
171,77,Advanced
171,199,Intermediate
172,149,Beginner
172,144,Intermediate
172,178,Advanced
172,46,Intermediate
173,80,Beginner
173,131,Beginner
173,77,Beginner
173,3,Beginner
174,200,Beginner
174,128,Intermediate
174,137,Beginner
174,185,Beginner
174,77,Beginner
174,6,Beginner
174,16,Intermediate
174,51,Intermediate
174,70,Intermediate
174,114,Intermediate
174,9,Beginner
174,140,Beginner
174,167,Advanced
174,115,Beginner
174,193,Advanced
174,148,Intermediate
175,8,Advanced
175,184,Advanced
175,150,Advanced
175,132,Advanced
175,164,Beginner
175,89,Advanced
175,153,Beginner
175,122,Advanced
175,167,Beginner
175,149,Advanced
176,79,Advanced
176,156,Beginner
176,68,Advanced
176,4,Beginner
177,191,Beginner
177,154,Intermediate
178,4,Beginner
178,115,Intermediate
178,74,Intermediate
178,20,Advanced
178,152,Intermediate
178,148,Advanced
178,33,Beginner
178,62,Advanced
178,99,Advanced
178,100,Beginner
178,16,Intermediate
178,172,Intermediate
178,133,Advanced
178,57,Beginner
179,117,Intermediate
180,53,Beginner
180,69,Beginner
180,25,Beginner
180,193,Advanced
180,197,Intermediate
180,48,Advanced
180,59,Intermediate
180,119,Beginner
181,153,Advanced
182,125,Beginner
182,31,Advanced
182,35,Beginner
182,36,Beginner
183,84,Beginner
183,164,Advanced
183,172,Beginner
183,123,Intermediate
184,80,Advanced
184,189,Beginner
184,175,Advanced
184,184,Beginner
184,43,Intermediate
184,157,Beginner
184,6,Intermediate
184,27,Advanced
184,112,Beginner
184,195,Advanced
184,33,Advanced
184,60,Beginner
184,137,Advanced
185,18,Intermediate
185,133,Intermediate
185,24,Beginner
185,55,Beginner
185,53,Advanced
185,138,Beginner
185,83,Advanced
185,199,Beginner
185,37,Advanced
185,101,Advanced
185,59,Beginner
185,132,Advanced
185,117,Advanced
185,38,Beginner
185,61,Beginner
185,79,Advanced
185,88,Advanced
186,136,Advanced
186,164,Beginner
186,178,Advanced
186,131,Intermediate
186,77,Intermediate
186,3,Intermediate
187,118,Intermediate
187,96,Advanced
187,152,Beginner
187,39,Advanced
187,29,Advanced
187,88,Advanced
187,87,Advanced
187,84,Intermediate
187,174,Advanced
188,175,Advanced
188,80,Advanced
188,190,Intermediate
188,88,Beginner
188,29,Beginner
188,8,Beginner
188,21,Intermediate
188,111,Beginner
188,174,Beginner
188,183,Intermediate
188,157,Intermediate
188,34,Intermediate
189,17,Advanced
189,24,Intermediate
189,124,Advanced
189,172,Advanced
190,180,Advanced
190,88,Intermediate
190,199,Advanced
190,139,Beginner
190,17,Intermediate
190,158,Advanced
190,152,Beginner
190,101,Intermediate
190,28,Intermediate
191,194,Advanced
191,102,Intermediate
191,133,Advanced
191,99,Intermediate
191,100,Beginner
191,16,Intermediate
191,172,Advanced
191,175,Intermediate
191,126,Beginner
191,73,Intermediate
191,153,Advanced
191,51,Intermediate
191,104,Beginner
191,111,Advanced
192,51,Advanced
192,101,Beginner
192,148,Beginner
192,79,Beginner
192,56,Intermediate
193,62,Beginner
193,49,Advanced
193,61,Intermediate
193,193,Advanced
193,2,Advanced
193,3,Intermediate
193,102,Intermediate
193,104,Intermediate
193,158,Intermediate
193,139,Advanced
193,190,Advanced
193,50,Advanced
193,174,Advanced
193,15,Advanced
193,6,Intermediate
193,37,Beginner
194,161,Beginner
194,78,Advanced
194,55,Intermediate
194,50,Advanced
194,136,Advanced
194,196,Beginner
194,31,Beginner
194,9,Intermediate
194,116,Advanced
194,137,Advanced
194,118,Intermediate
195,15,Beginner
195,126,Advanced
195,115,Intermediate
196,174,Beginner
196,178,Beginner
196,80,Beginner
196,16,Intermediate
196,8,Advanced
196,131,Beginner
197,30,Advanced
198,148,Intermediate
198,65,Advanced
198,2,Advanced
198,184,Intermediate
198,8,Beginner
199,104,Intermediate
199,200,Advanced
199,21,Advanced
199,192,Beginner
199,61,Intermediate
199,184,Advanced
199,130,Beginner
199,159,Beginner
199,6,Beginner
199,195,Advanced
200,92,Advanced
200,184,Advanced
200,1,Advanced
200,107,Intermediate
200,71,Intermediate
200,99,Intermediate
200,100,Intermediate
200,3,Advanced
200,136,Intermediate
200,37,Intermediate
201,172,Advanced
201,141,Intermediate
201,109,Advanced
201,98,Beginner
201,5,Intermediate
202,30,Intermediate
202,177,Intermediate
202,183,Intermediate
202,180,Intermediate
202,95,Advanced
202,193,Advanced
202,160,Intermediate
202,78,Intermediate
202,62,Intermediate
202,137,Advanced
202,179,Beginner
202,200,Beginner
203,151,Advanced
203,179,Advanced
203,141,Intermediate
203,11,Intermediate
203,10,Intermediate
203,131,Beginner
203,149,Beginner
203,64,Intermediate
204,185,Advanced
204,73,Intermediate
204,182,Beginner
204,101,Intermediate
204,171,Advanced
204,94,Beginner
204,122,Advanced
204,12,Beginner
204,86,Intermediate
205,148,Beginner
205,162,Advanced
205,36,Advanced
206,79,Intermediate
206,13,Intermediate
206,20,Intermediate
206,97,Intermediate
207,137,Beginner
207,125,Intermediate
207,184,Beginner
207,71,Intermediate
207,145,Intermediate
207,161,Beginner
207,187,Beginner
207,196,Beginner
207,89,Beginner
207,68,Advanced
207,4,Beginner
207,20,Advanced
207,78,Beginner
207,13,Beginner
207,114,Intermediate
207,120,Advanced
208,30,Intermediate
208,85,Beginner
208,118,Intermediate
208,193,Beginner
208,28,Beginner
209,145,Advanced
209,78,Beginner
209,39,Intermediate
209,80,Intermediate
209,17,Beginner
210,18,Beginner
210,147,Intermediate
210,33,Intermediate
210,47,Beginner
211,117,Beginner
211,49,Beginner
211,68,Advanced
211,64,Advanced
211,81,Beginner
211,48,Advanced
211,168,Beginner
211,150,Advanced
211,84,Advanced
212,10,Intermediate
212,97,Beginner
212,39,Intermediate
213,45,Advanced
213,28,Beginner
213,109,Advanced
213,170,Advanced
213,152,Advanced
213,39,Advanced
213,29,Advanced
213,88,Intermediate
213,87,Advanced
213,84,Beginner
214,156,Beginner
214,181,Advanced
214,137,Beginner
214,96,Intermediate
215,127,Intermediate
215,154,Advanced
215,82,Beginner
215,200,Advanced
215,133,Intermediate
215,75,Intermediate
215,134,Beginner
215,160,Intermediate
215,174,Intermediate
215,67,Beginner
215,66,Beginner
215,81,Beginner
215,24,Advanced
215,185,Advanced
216,17,Intermediate
216,82,Advanced
217,63,Advanced
217,89,Advanced
217,40,Beginner
217,196,Advanced
217,174,Advanced
217,153,Beginner
217,161,Intermediate
217,35,Intermediate
217,178,Advanced
217,82,Intermediate
217,34,Advanced
217,166,Beginner
218,100,Advanced
218,128,Beginner
218,91,Intermediate
218,200,Beginner
218,129,Beginner
219,32,Intermediate
219,177,Advanced
219,132,Advanced
219,23,Advanced
219,109,Advanced
219,144,Beginner
219,129,Intermediate
220,84,Intermediate
220,46,Beginner
220,83,Advanced
220,41,Advanced
220,25,Advanced
220,199,Intermediate
220,101,Intermediate
220,18,Intermediate
220,97,Advanced
220,189,Beginner
220,51,Beginner
220,26,Intermediate
220,152,Advanced
221,177,Intermediate
221,65,Advanced
221,83,Advanced
221,158,Intermediate
221,114,Beginner
221,21,Beginner
221,185,Intermediate
221,132,Intermediate
221,187,Beginner
221,5,Beginner
221,18,Intermediate
221,58,Intermediate
221,180,Intermediate
221,69,Advanced
222,20,Intermediate
222,26,Beginner
222,86,Advanced
222,129,Advanced
222,80,Beginner
222,120,Beginner
222,43,Beginner
222,200,Beginner
222,15,Beginner
222,75,Intermediate
222,7,Intermediate
222,187,Beginner
223,126,Advanced
223,29,Advanced
223,102,Intermediate
223,22,Beginner
223,195,Advanced
223,24,Intermediate
223,81,Intermediate
223,162,Advanced
224,154,Intermediate
224,64,Intermediate
224,155,Beginner
224,141,Advanced
224,49,Beginner
224,63,Beginner
224,78,Advanced
224,36,Intermediate
225,196,Intermediate
225,195,Advanced
225,124,Advanced
225,110,Beginner
225,156,Beginner
225,112,Advanced
225,188,Beginner
225,55,Advanced
225,54,Intermediate
225,7,Beginner
225,199,Advanced
225,136,Advanced
225,70,Intermediate
225,62,Intermediate
225,19,Beginner
225,57,Beginner
225,135,Intermediate
225,166,Intermediate
226,175,Advanced
226,143,Beginner
226,113,Advanced
226,160,Intermediate
227,3,Intermediate
227,124,Intermediate
227,169,Beginner
227,71,Advanced
227,128,Advanced
227,67,Beginner
227,96,Intermediate
227,122,Beginner
227,118,Beginner
227,105,Intermediate
227,180,Intermediate
227,167,Beginner
227,183,Intermediate
227,97,Beginner
227,159,Advanced
228,174,Advanced
228,164,Advanced
228,82,Advanced
228,171,Advanced
228,131,Intermediate
228,38,Advanced
228,46,Intermediate
228,3,Beginner
228,99,Intermediate
229,89,Advanced
229,135,Beginner
229,81,Beginner
229,3,Beginner
229,75,Intermediate
229,111,Beginner
229,1,Advanced
230,10,Beginner
230,156,Advanced
230,173,Beginner
230,69,Intermediate
230,178,Intermediate
231,39,Intermediate
231,82,Advanced
231,200,Beginner
231,133,Beginner
231,75,Beginner
231,134,Intermediate
231,50,Advanced
231,156,Advanced
231,196,Advanced
231,120,Beginner
231,83,Intermediate
231,40,Beginner
232,80,Advanced
232,174,Beginner
232,196,Advanced
232,135,Intermediate
232,10,Beginner
232,193,Advanced
232,39,Intermediate
232,179,Intermediate
232,91,Intermediate
232,89,Advanced
232,188,Advanced
232,74,Advanced
232,110,Advanced
232,125,Intermediate
232,11,Beginner
233,30,Intermediate
233,43,Intermediate
233,65,Advanced
233,118,Intermediate
233,165,Beginner
234,200,Beginner
234,25,Advanced
234,89,Beginner
234,87,Beginner
234,36,Intermediate
234,86,Beginner
234,123,Beginner
235,60,Intermediate
235,110,Beginner
235,23,Beginner
235,88,Advanced
235,196,Advanced
235,104,Intermediate
235,128,Intermediate
236,27,Intermediate
236,137,Beginner
236,200,Advanced
236,81,Advanced
236,10,Beginner
236,147,Beginner
236,152,Intermediate
236,34,Beginner
236,76,Beginner
237,22,Advanced
238,178,Advanced
238,79,Intermediate
238,5,Intermediate
238,114,Intermediate
238,113,Advanced
238,115,Advanced
238,190,Advanced
238,72,Advanced
238,106,Intermediate
238,83,Beginner
238,167,Intermediate
238,172,Intermediate
238,76,Intermediate
238,134,Advanced
238,43,Intermediate
238,144,Advanced
238,84,Beginner
238,156,Advanced
239,79,Intermediate
239,91,Intermediate
239,116,Advanced
239,198,Advanced
239,18,Beginner
239,192,Intermediate
239,131,Advanced
239,114,Intermediate
239,9,Beginner
239,140,Advanced
239,167,Advanced
239,115,Beginner
239,193,Beginner
240,86,Intermediate
241,84,Beginner
241,131,Advanced
241,163,Advanced
241,69,Advanced
241,128,Advanced
241,94,Intermediate
241,158,Intermediate
241,119,Advanced
242,69,Intermediate
242,130,Advanced
243,52,Beginner
243,47,Beginner
243,97,Intermediate
243,62,Advanced
243,139,Beginner
243,111,Beginner
243,151,Advanced
243,92,Advanced
243,86,Intermediate
243,8,Beginner
244,189,Intermediate
244,133,Advanced
244,28,Beginner
244,22,Advanced
244,47,Intermediate
244,94,Intermediate
244,119,Intermediate
244,156,Intermediate
244,98,Advanced
244,105,Intermediate
245,188,Intermediate
245,27,Intermediate
245,102,Intermediate
245,160,Beginner
245,116,Intermediate
245,25,Advanced
245,69,Beginner
245,182,Advanced
245,189,Intermediate
245,16,Advanced
245,138,Intermediate
245,169,Advanced
245,18,Intermediate
245,43,Advanced
245,33,Advanced
245,94,Intermediate
245,82,Advanced
246,200,Advanced
247,167,Advanced
247,18,Advanced
247,192,Advanced
247,131,Advanced
248,118,Advanced
248,152,Advanced
248,187,Advanced
248,198,Intermediate
248,15,Advanced
248,89,Beginner
248,188,Advanced
248,74,Intermediate
248,110,Intermediate
248,125,Intermediate
248,11,Advanced
249,147,Beginner
249,198,Intermediate
249,15,Advanced
250,47,Intermediate
250,176,Intermediate
251,128,Intermediate
251,119,Intermediate
251,5,Advanced
251,7,Intermediate
251,82,Intermediate
251,148,Intermediate
251,42,Intermediate
251,147,Beginner
251,13,Intermediate
251,6,Intermediate
251,153,Advanced
252,165,Beginner
252,74,Beginner
252,181,Advanced
252,149,Advanced
252,101,Intermediate
252,78,Advanced
252,131,Intermediate
252,34,Intermediate
253,145,Advanced
253,156,Advanced
253,23,Beginner
253,53,Advanced
253,183,Beginner
254,160,Beginner
254,162,Advanced
254,45,Advanced
254,151,Advanced
254,126,Beginner
254,19,Intermediate
254,6,Intermediate
254,132,Intermediate
254,67,Beginner
254,190,Beginner
254,77,Beginner
255,133,Intermediate
255,103,Intermediate
255,72,Beginner
255,41,Advanced
255,108,Intermediate
255,97,Intermediate
255,34,Beginner
255,42,Beginner
256,7,Advanced
256,154,Advanced
257,53,Beginner
257,62,Advanced
257,139,Beginner
257,111,Intermediate
257,151,Intermediate
257,92,Intermediate
258,47,Beginner
258,11,Intermediate
258,41,Beginner
258,97,Beginner
259,39,Beginner
259,152,Intermediate
259,29,Advanced
259,88,Advanced
259,87,Intermediate
259,84,Beginner
259,198,Beginner
259,15,Intermediate
259,49,Beginner
259,42,Beginner
259,96,Beginner
260,179,Intermediate
260,24,Intermediate
260,7,Advanced
260,40,Advanced
260,196,Beginner
260,174,Intermediate
260,180,Advanced
261,109,Advanced
261,139,Advanced
261,49,Advanced
261,80,Intermediate
261,82,Advanced
261,58,Advanced
261,67,Beginner
261,94,Intermediate
261,170,Beginner
261,37,Intermediate
261,63,Intermediate
262,45,Beginner
262,143,Intermediate
262,16,Advanced
262,24,Beginner
262,101,Advanced
262,77,Advanced
262,6,Intermediate
262,51,Advanced
262,70,Advanced
262,122,Intermediate
263,54,Beginner
263,108,Beginner
263,2,Advanced
263,63,Beginner
264,108,Advanced
264,19,Beginner
265,194,Advanced
265,35,Advanced
265,67,Advanced
265,153,Advanced
265,160,Advanced
265,112,Beginner
265,159,Intermediate
265,111,Intermediate
265,89,Advanced
265,176,Beginner
265,189,Intermediate
265,163,Beginner
266,53,Advanced
266,62,Beginner
266,7,Beginner
266,147,Beginner
266,134,Beginner
266,86,Advanced
267,3,Intermediate
267,27,Beginner
267,115,Intermediate
267,190,Advanced
267,72,Advanced
268,125,Beginner
268,42,Intermediate
268,173,Intermediate
269,9,Advanced
269,142,Intermediate
269,38,Advanced
269,41,Advanced
269,25,Beginner
269,199,Intermediate
269,101,Beginner
269,87,Beginner
269,54,Intermediate
269,178,Advanced
269,131,Beginner
269,149,Advanced
269,64,Intermediate
270,84,Beginner
270,58,Advanced
270,21,Beginner
270,110,Beginner
270,173,Intermediate
270,37,Advanced
270,59,Beginner
270,5,Beginner
270,9,Beginner
270,54,Advanced
270,168,Intermediate
270,18,Beginner
271,65,Beginner
271,114,Intermediate
271,9,Advanced
271,140,Intermediate
271,167,Intermediate
271,115,Advanced
271,193,Beginner
271,62,Beginner
271,139,Advanced
271,111,Beginner
271,151,Intermediate
271,92,Intermediate
271,12,Advanced
272,57,Advanced
272,67,Advanced
272,145,Advanced
272,39,Intermediate
272,71,Intermediate
272,175,Intermediate
272,172,Beginner
272,97,Advanced
272,40,Intermediate
272,128,Advanced
272,96,Beginner
272,122,Advanced
272,118,Intermediate
273,61,Beginner
273,117,Beginner
273,38,Beginner
273,79,Beginner
273,88,Intermediate
273,188,Beginner
273,190,Advanced
273,89,Beginner
273,10,Beginner
273,103,Advanced
273,134,Beginner
273,111,Beginner
273,33,Advanced
274,20,Intermediate
274,111,Intermediate
274,144,Intermediate
274,43,Beginner
274,154,Advanced
274,99,Intermediate
274,63,Advanced
274,182,Intermediate
275,59,Advanced
275,92,Advanced
275,36,Beginner
275,88,Advanced
275,141,Intermediate
275,4,Beginner
275,5,Beginner
275,41,Beginner
275,50,Advanced
275,136,Intermediate
275,196,Intermediate
276,142,Advanced
276,65,Advanced
276,143,Beginner
276,166,Advanced
276,32,Beginner
276,17,Beginner
276,89,Intermediate
276,141,Beginner
277,151,Beginner
277,192,Advanced
277,52,Beginner
278,124,Beginner
278,107,Beginner
278,104,Beginner
278,87,Beginner
278,44,Advanced
278,39,Advanced
278,143,Advanced
278,113,Beginner
278,30,Advanced
278,8,Advanced
278,184,Advanced
278,53,Intermediate
278,89,Intermediate
278,153,Intermediate
278,122,Beginner
278,167,Beginner
278,149,Beginner
279,91,Intermediate
279,50,Intermediate
279,51,Intermediate
279,155,Advanced
279,15,Beginner
280,173,Advanced
280,136,Advanced
280,138,Advanced
280,184,Beginner
280,46,Advanced
280,52,Intermediate
280,83,Intermediate
280,144,Intermediate
280,147,Beginner
280,166,Advanced
280,161,Advanced
280,127,Intermediate
280,48,Beginner
281,98,Intermediate
281,135,Intermediate
281,163,Intermediate
281,69,Beginner
281,128,Beginner
281,94,Intermediate
281,158,Beginner
281,119,Beginner
282,82,Beginner
283,31,Intermediate
283,81,Beginner
283,69,Intermediate
283,176,Advanced
283,74,Beginner
283,43,Intermediate
283,144,Beginner
283,84,Beginner
283,156,Advanced
284,121,Advanced
284,142,Advanced
284,158,Intermediate
284,48,Beginner
284,77,Intermediate
284,114,Intermediate
284,68,Beginner
284,41,Intermediate
285,97,Advanced
285,151,Intermediate
285,109,Beginner
285,21,Advanced
286,3,Advanced
286,7,Advanced
286,158,Intermediate
286,30,Advanced
286,8,Intermediate
286,184,Advanced
286,53,Intermediate
287,14,Advanced
287,121,Advanced
288,118,Intermediate
288,109,Beginner
288,120,Advanced
288,124,Beginner
289,61,Beginner
289,29,Advanced
289,99,Advanced
289,100,Beginner
289,16,Intermediate
289,172,Beginner
289,133,Intermediate
289,48,Advanced
289,168,Intermediate
289,62,Intermediate
289,18,Beginner
289,15,Intermediate
289,34,Intermediate
289,159,Advanced
289,44,Beginner
289,91,Advanced
289,57,Intermediate
289,199,Advanced
290,77,Advanced
290,67,Beginner
290,6,Intermediate
290,140,Beginner
290,24,Intermediate
290,96,Intermediate
290,29,Advanced
290,35,Intermediate
290,17,Advanced
290,86,Intermediate
290,8,Advanced
290,38,Beginner
290,146,Beginner
290,70,Intermediate
290,1,Advanced
290,130,Intermediate
290,111,Beginner
291,164,Intermediate
291,179,Beginner
291,200,Intermediate
291,190,Intermediate
291,5,Intermediate
291,110,Intermediate
291,146,Advanced
292,124,Advanced
292,144,Advanced
293,163,Beginner
293,45,Intermediate
293,119,Advanced
293,71,Intermediate
293,153,Beginner
293,122,Advanced
294,160,Beginner
294,59,Advanced
294,174,Beginner
294,31,Beginner
294,9,Intermediate
294,116,Advanced
294,137,Beginner
294,118,Intermediate
294,20,Beginner
294,78,Intermediate
294,13,Intermediate
294,114,Intermediate
294,145,Intermediate
294,120,Intermediate
295,199,Intermediate
295,179,Advanced
295,107,Intermediate
295,75,Advanced
295,174,Advanced
295,142,Advanced
295,111,Advanced
295,183,Advanced
295,157,Beginner
295,34,Beginner
296,189,Advanced
297,106,Advanced
297,89,Intermediate
297,31,Intermediate
297,189,Advanced
297,26,Intermediate
297,145,Beginner
297,14,Intermediate
297,188,Advanced
297,181,Beginner
297,112,Advanced
297,55,Intermediate
297,54,Intermediate
297,7,Intermediate
297,199,Intermediate
298,143,Advanced
298,175,Advanced
298,39,Advanced
298,159,Intermediate
298,138,Advanced
299,112,Advanced
299,139,Advanced
299,83,Beginner
299,70,Beginner
299,158,Intermediate
299,157,Advanced
299,30,Advanced
299,48,Intermediate
299,125,Beginner
299,10,Intermediate
299,46,Advanced
300,117,Beginner
300,196,Advanced
300,139,Advanced
300,145,Advanced
300,37,Beginner
300,5,Beginner
300,41,Advanced
300,154,Beginner
300,63,Advanced
300,78,Advanced
300,36,Advanced
301,188,Beginner
301,2,Advanced
301,15,Intermediate
302,112,Intermediate
302,33,Beginner
302,195,Intermediate
302,50,Intermediate
302,171,Advanced
302,107,Advanced
302,52,Beginner
302,4,Advanced
302,41,Advanced
302,59,Advanced
302,143,Intermediate
302,156,Beginner
302,136,Advanced
302,19,Intermediate
302,135,Advanced
303,89,Beginner
303,154,Beginner
303,63,Intermediate
303,78,Intermediate
303,36,Beginner
303,96,Advanced
303,101,Advanced
303,176,Intermediate
303,112,Beginner
303,48,Beginner
303,40,Intermediate
303,57,Beginner
303,69,Intermediate
303,136,Beginner
304,98,Beginner
304,106,Beginner
304,120,Intermediate
304,80,Advanced
304,3,Intermediate
305,119,Advanced
305,94,Beginner
305,83,Advanced
305,79,Beginner
305,38,Advanced
306,12,Advanced
306,193,Intermediate
306,168,Intermediate
306,58,Advanced
306,61,Advanced
306,149,Intermediate
307,46,Beginner
307,3,Beginner
307,132,Intermediate
307,177,Beginner
307,74,Intermediate
307,136,Beginner
308,54,Intermediate
308,111,Beginner
308,152,Intermediate
308,82,Beginner
308,183,Beginner
308,143,Advanced
308,147,Beginner
308,51,Beginner
308,151,Advanced
308,126,Intermediate
308,19,Beginner
309,168,Advanced
309,165,Intermediate
309,86,Beginner
309,61,Intermediate
309,101,Intermediate
310,29,Intermediate
310,180,Beginner
311,135,Advanced
311,74,Intermediate
311,31,Beginner
311,9,Beginner
311,116,Beginner
311,137,Intermediate
311,118,Intermediate
311,23,Intermediate
311,88,Intermediate
311,196,Advanced
311,104,Beginner
311,128,Beginner
312,73,Intermediate
312,198,Beginner
312,82,Advanced
312,200,Advanced
312,133,Beginner
312,75,Intermediate
312,134,Intermediate
312,6,Beginner
312,129,Intermediate
312,71,Intermediate
313,123,Intermediate
313,174,Beginner
313,176,Intermediate
313,114,Advanced
313,9,Advanced
313,140,Intermediate
313,167,Beginner
313,115,Beginner
313,193,Intermediate
314,124,Beginner
314,115,Intermediate
315,24,Advanced
315,34,Beginner
315,52,Beginner
315,53,Intermediate
315,129,Intermediate
315,172,Advanced
315,47,Advanced
315,162,Advanced
315,161,Beginner
315,36,Advanced
315,160,Beginner
315,22,Intermediate
315,195,Beginner
316,181,Advanced
317,64,Beginner
317,136,Beginner
317,70,Intermediate
317,62,Intermediate
317,19,Intermediate
317,57,Intermediate
317,135,Intermediate
317,166,Beginner
317,66,Intermediate
317,89,Intermediate
317,8,Intermediate
317,143,Advanced
317,189,Beginner
318,25,Advanced
318,81,Beginner
318,64,Advanced
318,196,Intermediate
318,57,Advanced
318,168,Intermediate
318,58,Beginner
319,118,Intermediate
319,115,Advanced
319,161,Beginner
319,163,Intermediate
319,180,Advanced
319,70,Beginner
319,140,Beginner
319,60,Beginner
319,62,Beginner
319,101,Intermediate
319,166,Advanced
319,192,Beginner
319,61,Intermediate
319,184,Beginner
319,130,Beginner
320,162,Advanced
320,46,Intermediate
320,85,Beginner
320,103,Intermediate
321,93,Intermediate
322,131,Intermediate
322,134,Beginner
322,181,Intermediate
323,197,Advanced
323,41,Advanced
323,97,Advanced
323,48,Intermediate
323,80,Beginner
323,120,Intermediate
323,43,Intermediate
323,200,Beginner
323,15,Advanced
323,75,Advanced
324,123,Beginner
324,150,Beginner
325,6,Advanced
325,80,Intermediate
325,125,Beginner
325,40,Beginner
326,135,Beginner
326,145,Advanced
326,112,Intermediate
327,18,Beginner
327,176,Beginner
327,38,Beginner
327,91,Intermediate
328,63,Intermediate
328,160,Beginner
328,98,Advanced
328,20,Beginner
328,167,Intermediate
328,54,Intermediate
328,8,Advanced
328,52,Intermediate
328,124,Intermediate
328,37,Intermediate
329,144,Advanced
329,148,Advanced
329,50,Beginner
329,30,Intermediate
329,8,Beginner
329,184,Advanced
329,53,Advanced
329,2,Advanced
329,63,Advanced
329,35,Beginner
329,158,Intermediate
329,44,Advanced
329,182,Intermediate
330,141,Advanced
330,108,Advanced
330,196,Advanced
330,83,Intermediate
331,125,Intermediate
331,79,Advanced
331,169,Beginner
331,128,Beginner
332,172,Advanced
332,91,Intermediate
332,77,Beginner
332,177,Beginner
332,74,Advanced
332,136,Beginner
333,101,Beginner
333,140,Advanced
333,95,Advanced
333,135,Intermediate
333,134,Intermediate
334,66,Advanced
334,102,Beginner
334,19,Advanced
334,118,Beginner
334,193,Advanced
334,28,Intermediate
335,155,Advanced
335,120,Beginner
335,199,Advanced
335,42,Advanced
335,49,Intermediate
335,136,Intermediate
335,18,Beginner
335,158,Intermediate
335,45,Beginner
336,130,Advanced
336,191,Intermediate
336,6,Intermediate
336,139,Intermediate
336,198,Intermediate
336,26,Beginner
337,127,Beginner
338,45,Beginner
338,31,Intermediate
338,9,Beginner
338,116,Intermediate
338,137,Advanced
338,118,Beginner
339,21,Advanced
339,185,Intermediate
339,156,Beginner
339,93,Intermediate
339,4,Beginner
339,34,Beginner
340,189,Advanced
340,61,Beginner
341,153,Beginner
342,133,Intermediate
342,175,Beginner
343,107,Advanced
343,82,Advanced
343,178,Beginner
343,121,Intermediate
343,152,Advanced
343,39,Intermediate
343,29,Advanced
343,88,Advanced
343,87,Beginner
343,84,Beginner
343,9,Intermediate
344,40,Advanced
344,144,Beginner
345,171,Beginner
345,14,Beginner
346,99,Advanced
346,145,Intermediate
346,2,Intermediate
346,135,Beginner
346,191,Advanced
346,139,Advanced
346,103,Advanced
346,60,Advanced
346,70,Beginner
346,140,Beginner
346,62,Beginner
346,101,Advanced
346,166,Advanced
347,132,Intermediate
348,102,Beginner
348,23,Intermediate
348,59,Advanced
348,139,Advanced
349,77,Intermediate
349,155,Intermediate
349,51,Beginner
349,198,Beginner
349,15,Intermediate
350,59,Intermediate
350,67,Beginner
350,133,Advanced
350,154,Beginner
350,99,Intermediate
350,63,Advanced
351,112,Advanced
351,83,Advanced
351,53,Intermediate
352,38,Intermediate
352,191,Advanced
353,81,Beginner
353,186,Beginner
353,164,Advanced
353,40,Intermediate
353,110,Intermediate
353,122,Advanced
353,54,Intermediate
354,20,Beginner
354,8,Beginner
354,132,Advanced
354,126,Intermediate
354,58,Beginner
354,102,Advanced
354,115,Beginner
354,2,Intermediate
354,120,Intermediate
355,195,Beginner
355,27,Beginner
355,167,Advanced
355,72,Beginner
355,136,Advanced
355,70,Beginner
355,62,Beginner
355,19,Beginner
355,57,Intermediate
355,135,Intermediate
355,4,Beginner
355,143,Intermediate
355,118,Advanced
356,179,Advanced
356,61,Beginner
356,126,Beginner
356,148,Advanced
357,105,Advanced
357,172,Intermediate
357,35,Intermediate
358,22,Beginner
358,146,Intermediate
358,25,Beginner
358,149,Beginner
358,14,Beginner
358,59,Beginner
358,117,Beginner
358,57,Advanced
358,87,Advanced
359,52,Intermediate
359,142,Beginner
359,197,Intermediate
359,159,Intermediate
360,172,Advanced
360,145,Intermediate
360,5,Beginner
360,188,Beginner
360,190,Advanced
360,61,Advanced
360,89,Intermediate
360,10,Beginner
360,122,Intermediate
360,45,Beginner
360,180,Intermediate
360,88,Beginner
361,179,Advanced
361,16,Advanced
361,47,Intermediate
361,17,Intermediate
362,18,Beginner
362,159,Advanced
363,161,Intermediate
364,176,Advanced
364,105,Beginner
364,8,Intermediate
364,143,Beginner
364,189,Intermediate
364,188,Intermediate
364,190,Intermediate
364,61,Beginner
364,89,Intermediate
364,10,Advanced
364,41,Advanced
365,153,Beginner
365,70,Advanced
365,140,Beginner
365,60,Beginner
365,62,Beginner
365,101,Intermediate
365,166,Intermediate
366,182,Beginner
366,163,Intermediate
367,77,Beginner
367,150,Beginner
368,48,Intermediate
368,39,Intermediate
368,198,Beginner
368,103,Beginner
368,43,Beginner
368,25,Beginner
368,69,Advanced
368,182,Advanced
368,189,Beginner
368,16,Advanced
368,138,Advanced
368,134,Advanced
368,77,Advanced
369,126,Intermediate
370,96,Beginner
370,63,Advanced
370,156,Beginner
370,184,Advanced
370,125,Intermediate
371,64,Beginner
371,28,Beginner
371,102,Beginner
371,162,Advanced
371,83,Advanced
371,70,Advanced
371,158,Intermediate
371,139,Intermediate
371,157,Advanced
371,136,Beginner
371,56,Intermediate
371,94,Intermediate
371,31,Intermediate
371,8,Beginner
372,81,Advanced
372,118,Beginner
372,120,Beginner
372,78,Advanced
372,191,Advanced
372,28,Beginner
372,96,Advanced
372,29,Advanced
372,104,Intermediate
372,45,Advanced
373,102,Advanced
373,113,Advanced
373,147,Intermediate
373,125,Advanced
373,189,Intermediate
373,25,Beginner
373,168,Beginner
373,192,Intermediate
373,41,Intermediate
374,54,Advanced
374,117,Beginner
374,154,Intermediate
374,93,Intermediate
374,12,Advanced
374,2,Beginner
374,135,Intermediate
374,191,Beginner
374,139,Beginner
374,103,Advanced
374,60,Intermediate
374,111,Beginner
374,45,Intermediate
374,119,Intermediate
374,71,Intermediate
374,153,Intermediate
374,122,Advanced
375,26,Advanced
375,3,Beginner
375,91,Intermediate
375,41,Beginner
375,187,Beginner
375,140,Beginner
375,17,Beginner
375,32,Advanced
375,164,Advanced
375,182,Beginner
375,170,Intermediate
375,156,Advanced
375,61,Advanced
375,189,Intermediate
376,51,Intermediate
376,185,Beginner
376,111,Intermediate
376,158,Advanced
376,177,Advanced
376,60,Advanced
377,81,Advanced
377,88,Beginner
377,78,Intermediate
377,199,Advanced
377,145,Intermediate
377,136,Advanced
377,138,Intermediate
377,184,Advanced
377,46,Intermediate
377,52,Advanced
377,83,Advanced
378,124,Beginner
378,142,Beginner
378,20,Intermediate
378,118,Advanced
378,81,Advanced
378,53,Intermediate
378,178,Intermediate
379,144,Intermediate
379,103,Intermediate
379,149,Intermediate
379,33,Beginner
379,72,Beginner
379,159,Beginner
379,194,Intermediate
379,152,Beginner
379,126,Intermediate
379,109,Intermediate
379,1,Beginner
379,167,Advanced
380,174,Advanced
380,51,Advanced
380,17,Beginner
380,97,Intermediate
380,115,Beginner
380,131,Beginner
380,165,Intermediate
380,13,Advanced
380,121,Advanced
380,85,Beginner
380,40,Beginner
380,110,Beginner
380,122,Intermediate
380,54,Advanced
381,89,Beginner
381,154,Intermediate
381,86,Intermediate
381,57,Beginner
381,100,Beginner
381,75,Intermediate
381,145,Intermediate
382,14,Beginner
382,169,Intermediate
383,17,Advanced
383,194,Intermediate
383,152,Beginner
383,126,Advanced
383,109,Beginner
383,1,Advanced
383,167,Intermediate
384,18,Advanced
384,125,Advanced
384,28,Advanced
384,153,Advanced
384,14,Beginner
384,41,Advanced
384,128,Beginner
384,146,Intermediate
384,138,Intermediate
384,64,Advanced
384,54,Advanced
384,8,Beginner
384,52,Intermediate
384,124,Advanced
384,37,Beginner
385,182,Advanced
385,83,Intermediate
385,66,Intermediate
385,7,Advanced
385,185,Advanced
385,15,Intermediate
385,108,Beginner
385,25,Beginner
385,39,Intermediate
385,199,Advanced
385,3,Intermediate
386,18,Beginner
386,137,Intermediate
386,10,Intermediate
386,39,Intermediate
387,162,Advanced
387,170,Intermediate
387,113,Intermediate
387,168,Advanced
387,7,Intermediate
387,63,Beginner
387,174,Beginner
387,147,Intermediate
388,136,Advanced
388,2,Beginner
388,35,Beginner
388,156,Intermediate
388,150,Advanced
388,111,Beginner
388,174,Beginner
388,183,Advanced
388,157,Beginner
388,34,Intermediate
389,127,Beginner
389,104,Advanced
389,3,Beginner
389,49,Beginner
389,66,Intermediate
389,121,Intermediate
389,117,Advanced
389,17,Advanced
389,14,Intermediate
389,76,Advanced
390,37,Beginner
390,25,Intermediate
391,154,Advanced
391,50,Beginner
391,39,Beginner
391,146,Intermediate
391,109,Beginner
392,16,Advanced
392,80,Advanced
392,197,Intermediate
392,156,Intermediate
392,19,Beginner
392,111,Advanced
393,68,Advanced
393,168,Intermediate
393,132,Advanced
393,133,Advanced
393,143,Beginner
393,200,Advanced
393,116,Intermediate
393,18,Advanced
393,173,Beginner
393,6,Intermediate
393,36,Beginner
393,14,Beginner
393,137,Advanced
393,94,Advanced
394,180,Intermediate
394,199,Intermediate
394,40,Advanced
394,21,Beginner
394,185,Beginner
394,132,Intermediate
394,187,Intermediate
394,5,Beginner
394,33,Beginner
394,72,Advanced
394,159,Intermediate
395,84,Beginner
395,10,Intermediate
395,55,Intermediate
395,164,Advanced
395,145,Beginner
395,112,Beginner
395,3,Intermediate
395,179,Intermediate
396,10,Intermediate
396,174,Beginner
396,164,Advanced
396,182,Advanced
396,170,Beginner
396,156,Intermediate
396,61,Beginner
396,189,Intermediate
396,40,Beginner
396,30,Advanced
397,191,Beginner
398,85,Beginner
398,130,Intermediate
398,60,Beginner
398,140,Advanced
398,17,Intermediate
398,32,Beginner
399,59,Beginner
399,70,Intermediate
399,60,Beginner
399,2,Beginner
399,50,Intermediate
399,149,Advanced
399,9,Advanced
399,161,Intermediate
399,93,Intermediate
399,100,Beginner
399,133,Advanced
399,166,Intermediate
399,32,Advanced
399,17,Intermediate
399,89,Advanced
399,141,Intermediate
400,84,Beginner
400,81,Advanced
400,48,Advanced
400,168,Intermediate
400,150,Beginner
400,132,Advanced
400,122,Beginner
400,29,Beginner
400,28,Beginner
400,88,Advanced
401,83,Beginner
401,168,Intermediate
401,144,Intermediate
401,40,Advanced
401,196,Advanced
401,174,Intermediate
401,124,Advanced
401,109,Advanced
401,191,Beginner
401,57,Advanced
402,112,Beginner
402,165,Advanced
402,46,Beginner
402,148,Intermediate
403,154,Beginner
403,45,Beginner
404,26,Advanced
404,155,Intermediate
404,179,Beginner
404,58,Beginner
404,108,Advanced
404,46,Advanced
404,85,Advanced
404,103,Beginner
404,148,Intermediate
405,52,Beginner
405,104,Advanced
405,140,Intermediate
405,83,Intermediate
405,36,Advanced
405,126,Advanced
405,61,Advanced
405,149,Advanced
406,23,Intermediate
407,11,Advanced
407,109,Intermediate
407,118,Advanced
407,130,Intermediate
407,89,Intermediate
408,131,Intermediate
408,91,Intermediate
408,60,Intermediate
408,86,Intermediate
408,140,Beginner
408,81,Intermediate
408,69,Intermediate
408,176,Beginner
408,74,Beginner
409,96,Advanced
409,101,Intermediate
409,176,Beginner
409,190,Beginner
409,39,Advanced
409,159,Advanced
410,33,Intermediate
410,161,Intermediate
410,62,Advanced
410,150,Beginner
410,93,Beginner
410,54,Intermediate
410,8,Intermediate
410,52,Advanced
410,124,Beginner
410,37,Beginner
411,114,Advanced
411,45,Advanced
411,77,Beginner
411,56,Intermediate
412,145,Intermediate
412,150,Beginner
412,60,Advanced
412,109,Beginner
412,78,Intermediate
413,20,Advanced
413,183,Beginner
413,143,Intermediate
413,163,Advanced
413,105,Intermediate
413,95,Beginner
413,193,Beginner
413,177,Intermediate
413,160,Intermediate
413,78,Intermediate
413,62,Advanced
414,53,Intermediate
414,81,Intermediate
414,71,Intermediate
414,113,Advanced
415,197,Beginner
415,86,Advanced
415,57,Intermediate
415,100,Advanced
415,75,Advanced
415,145,Beginner
415,132,Intermediate
415,122,Beginner
415,29,Advanced
415,28,Beginner
415,88,Beginner
415,7,Intermediate
415,82,Advanced
415,148,Intermediate
415,42,Beginner
416,57,Intermediate
416,184,Intermediate
416,26,Beginner
416,21,Beginner
416,19,Advanced
416,148,Advanced
416,197,Intermediate
417,107,Beginner
417,158,Advanced
417,22,Intermediate
417,195,Intermediate
417,24,Intermediate
418,140,Advanced
418,156,Intermediate
418,95,Beginner
418,108,Advanced
418,117,Intermediate
418,139,Advanced
418,83,Beginner
419,15,Intermediate
419,75,Beginner
419,173,Intermediate
419,79,Advanced
419,3,Advanced
419,34,Advanced
419,159,Intermediate
419,44,Beginner
419,91,Beginner
419,57,Intermediate
419,199,Intermediate
420,78,Intermediate
421,89,Advanced
421,143,Beginner
421,103,Beginner
421,134,Intermediate
421,111,Intermediate
421,33,Beginner
422,23,Beginner
422,25,Beginner
423,51,Advanced
423,200,Intermediate
423,29,Advanced
423,190,Intermediate
423,134,Intermediate
423,77,Beginner
423,145,Advanced
423,14,Intermediate
423,188,Advanced
423,181,Intermediate
424,88,Advanced
424,12,Advanced
424,154,Intermediate
424,121,Advanced
424,108,Beginner
424,13,Intermediate
424,85,Beginner
425,9,Intermediate
425,49,Beginner
425,80,Advanced
425,82,Advanced
425,58,Beginner
425,67,Beginner
426,88,Advanced
426,190,Intermediate
426,5,Beginner
426,110,Advanced
426,146,Advanced
427,138,Advanced
427,156,Advanced
427,87,Beginner
427,167,Intermediate
428,133,Advanced
428,88,Intermediate
428,75,Beginner
428,65,Intermediate
428,87,Intermediate
428,94,Intermediate
428,3,Advanced
428,196,Intermediate
429,190,Beginner
429,113,Advanced
429,111,Advanced
429,174,Advanced
429,183,Advanced
429,157,Advanced
429,34,Intermediate
429,136,Intermediate
429,23,Beginner
429,193,Intermediate
429,71,Advanced
429,129,Beginner
430,174,Beginner
430,133,Beginner
431,130,Advanced
431,118,Beginner
431,168,Beginner
431,38,Intermediate
431,74,Intermediate
431,59,Advanced
431,82,Beginner
431,34,Advanced
431,166,Beginner
431,108,Advanced
431,163,Advanced
432,146,Beginner
433,181,Advanced
433,60,Beginner
433,75,Intermediate
434,91,Intermediate
434,195,Intermediate
434,186,Advanced
434,82,Beginner
434,134,Beginner
434,131,Intermediate
434,85,Advanced
434,169,Advanced
434,188,Advanced
434,146,Intermediate
435,93,Beginner
435,174,Intermediate
435,67,Intermediate
435,66,Beginner
435,81,Advanced
435,24,Advanced
435,185,Beginner
436,73,Intermediate
436,188,Intermediate
436,29,Beginner
436,67,Beginner
436,94,Advanced
436,119,Beginner
436,156,Advanced
436,98,Intermediate
436,105,Beginner
437,163,Advanced
437,35,Beginner
437,125,Advanced
438,139,Beginner
438,48,Beginner
438,158,Intermediate
438,154,Beginner
438,115,Intermediate
438,195,Intermediate
438,153,Advanced
438,161,Intermediate
438,35,Intermediate
438,178,Advanced
439,138,Beginner
439,84,Advanced
439,165,Intermediate
439,22,Advanced
440,40,Advanced
440,161,Advanced
440,198,Intermediate
440,53,Beginner
440,61,Intermediate
440,149,Beginner
441,51,Advanced
441,75,Advanced
441,36,Advanced
441,117,Advanced
441,171,Intermediate
441,5,Intermediate
441,183,Intermediate
441,192,Advanced
441,32,Beginner
441,197,Intermediate
441,103,Advanced
441,134,Advanced
441,111,Beginner
441,33,Beginner
442,138,Beginner
442,186,Intermediate
442,121,Beginner
442,145,Beginner
442,175,Beginner
442,149,Advanced
442,130,Beginner
442,163,Intermediate
442,83,Beginner
442,150,Advanced
443,190,Beginner
443,67,Advanced
443,135,Beginner
443,57,Intermediate
443,53,Beginner
444,168,Advanced
444,66,Beginner
444,41,Advanced
444,1,Beginner
445,157,Beginner
445,83,Intermediate
445,98,Beginner
446,33,Intermediate
446,105,Intermediate
447,40,Beginner
447,107,Beginner
447,106,Beginner
447,54,Intermediate
447,165,Advanced
448,179,Beginner
448,168,Beginner
448,50,Advanced
448,200,Intermediate
448,18,Beginner
449,195,Beginner
449,112,Advanced
449,2,Intermediate
449,3,Advanced
449,102,Advanced
449,104,Intermediate
449,158,Intermediate
449,139,Beginner
450,132,Beginner
450,96,Intermediate
450,180,Advanced
450,15,Advanced
450,6,Intermediate
450,37,Intermediate
451,137,Advanced
452,3,Advanced
452,49,Beginner
452,104,Beginner
452,75,Advanced
453,73,Advanced
453,115,Intermediate
454,129,Intermediate
455,1,Advanced
455,143,Intermediate
455,147,Beginner
455,51,Intermediate
456,59,Beginner
456,157,Advanced
456,144,Beginner
456,120,Advanced
456,119,Beginner
457,161,Beginner
458,138,Advanced
458,125,Advanced
458,15,Beginner
458,160,Beginner
458,126,Beginner
458,84,Beginner
458,70,Intermediate
458,150,Intermediate
458,62,Advanced
459,52,Beginner
459,114,Advanced
459,1,Advanced
459,25,Advanced
459,39,Beginner
460,179,Advanced
460,159,Advanced
460,29,Beginner
460,141,Advanced
460,4,Beginner
460,64,Beginner
460,94,Advanced
460,143,Advanced
460,99,Advanced
460,47,Beginner
461,197,Advanced
461,45,Beginner
462,128,Beginner
462,3,Intermediate
462,196,Beginner
462,141,Beginner
462,4,Advanced
463,6,Intermediate
463,128,Intermediate
463,34,Beginner
463,21,Advanced
464,50,Intermediate
464,143,Beginner
464,33,Beginner
464,60,Intermediate
464,75,Beginner
465,88,Beginner
465,107,Intermediate
465,25,Beginner
465,39,Intermediate
465,99,Intermediate
465,100,Intermediate
465,16,Intermediate
465,172,Intermediate
465,133,Intermediate
466,114,Advanced
466,129,Advanced
466,54,Intermediate
466,106,Beginner
466,43,Intermediate
466,82,Advanced
466,124,Beginner
466,109,Advanced
466,191,Advanced
466,57,Beginner
466,2,Advanced
466,63,Advanced
467,110,Intermediate
467,141,Beginner
467,149,Intermediate
467,128,Beginner
467,15,Intermediate
467,6,Beginner
467,37,Beginner
468,110,Advanced
468,134,Intermediate
469,169,Beginner
469,54,Intermediate
469,55,Advanced
469,100,Advanced
469,158,Beginner
469,73,Beginner
469,65,Advanced
469,189,Intermediate
469,173,Beginner
469,37,Beginner
469,59,Advanced
469,5,Intermediate
470,151,Advanced
470,104,Beginner
470,7,Advanced
470,148,Intermediate
470,33,Intermediate
470,62,Beginner
471,19,Beginner
471,92,Advanced
471,113,Advanced
471,189,Beginner
471,68,Advanced
471,86,Advanced
471,129,Advanced
471,166,Intermediate
472,184,Intermediate
472,148,Advanced
472,190,Intermediate
472,39,Advanced
472,174,Advanced
473,196,Advanced
473,117,Beginner
473,58,Advanced
474,141,Beginner
474,63,Intermediate
474,186,Advanced
474,122,Advanced
474,147,Beginner
474,142,Beginner
474,156,Beginner
474,83,Intermediate
474,179,Intermediate
474,200,Advanced
475,144,Advanced
475,26,Intermediate
475,59,Advanced
475,118,Beginner
475,58,Beginner
475,193,Beginner
475,197,Advanced
475,48,Beginner
475,119,Beginner
476,25,Intermediate
476,152,Advanced
476,83,Intermediate
476,130,Advanced
476,172,Beginner
476,96,Advanced
476,101,Intermediate
476,176,Intermediate
477,88,Advanced
477,36,Intermediate
477,87,Beginner
477,143,Advanced
477,34,Advanced
478,35,Advanced
478,184,Intermediate
478,119,Intermediate
478,140,Beginner
478,17,Intermediate
478,32,Intermediate
478,25,Intermediate
478,102,Beginner
478,64,Advanced
478,33,Advanced
478,36,Advanced
478,14,Intermediate
478,137,Beginner
478,94,Advanced
479,182,Advanced
479,164,Intermediate
479,159,Intermediate
480,72,Beginner
480,50,Intermediate
480,11,Intermediate
480,120,Intermediate
480,66,Beginner
480,34,Intermediate
480,89,Intermediate
480,161,Intermediate
481,158,Beginner
482,11,Intermediate
482,180,Beginner
482,156,Advanced
482,18,Beginner
482,189,Advanced
482,59,Beginner
482,140,Advanced
482,16,Intermediate
483,93,Intermediate
483,112,Advanced
483,81,Advanced
483,108,Beginner
483,163,Beginner
483,54,Advanced
483,8,Advanced
483,52,Advanced
483,124,Intermediate
483,37,Intermediate
483,4,Beginner
483,24,Beginner
483,141,Advanced
484,116,Advanced
484,27,Advanced
484,76,Intermediate
484,44,Intermediate
484,48,Beginner
484,168,Advanced
484,62,Advanced
484,18,Advanced
484,15,Intermediate
484,113,Intermediate
484,7,Intermediate
484,63,Advanced
484,174,Beginner
484,147,Intermediate
485,192,Beginner
485,29,Beginner
485,14,Intermediate
485,36,Beginner
485,41,Advanced
485,187,Beginner
485,142,Intermediate
485,13,Advanced
485,27,Intermediate
485,21,Advanced
485,38,Advanced
485,51,Intermediate
486,4,Beginner
486,41,Beginner
486,108,Beginner
486,97,Advanced
486,34,Beginner
486,42,Advanced
486,122,Advanced
486,45,Intermediate
486,180,Intermediate
486,88,Advanced
486,125,Beginner
486,69,Beginner
486,25,Intermediate
486,101,Advanced
486,7,Beginner
486,91,Advanced
487,117,Intermediate
487,41,Beginner
487,128,Advanced
487,146,Beginner
487,138,Intermediate
487,64,Beginner
487,139,Beginner
487,136,Intermediate
487,56,Advanced
487,94,Intermediate
488,27,Intermediate
488,115,Intermediate
488,86,Beginner
488,8,Intermediate
489,118,Advanced
489,157,Beginner
489,59,Advanced
489,39,Intermediate
489,42,Beginner
489,10,Advanced
489,184,Advanced
489,62,Intermediate
489,99,Advanced
489,92,Advanced
489,100,Advanced
489,3,Beginner
489,136,Beginner
489,37,Intermediate
490,29,Beginner
490,160,Beginner
490,170,Intermediate
490,175,Intermediate
490,41,Beginner
491,99,Intermediate
492,9,Advanced
492,193,Advanced
492,127,Advanced
492,2,Advanced
492,63,Advanced
492,118,Advanced
492,168,Advanced
492,38,Beginner
492,74,Intermediate
492,59,Beginner
493,12,Beginner
493,57,Beginner
494,99,Intermediate
494,137,Advanced
494,72,Advanced
494,33,Intermediate
494,123,Advanced
494,4,Intermediate
494,119,Intermediate
494,168,Intermediate
494,69,Beginner
494,109,Beginner
494,68,Intermediate
494,105,Advanced
494,58,Advanced
494,161,Beginner
495,101,Advanced
495,169,Advanced
495,76,Beginner
495,134,Intermediate
495,77,Beginner
495,96,Beginner
495,29,Beginner
495,35,Intermediate
495,17,Intermediate
495,108,Beginner
496,58,Intermediate
496,141,Advanced
496,176,Intermediate
496,150,Beginner
496,81,Beginner
496,48,Intermediate
496,168,Intermediate
496,84,Intermediate
496,186,Beginner
496,164,Advanced
496,194,Advanced
496,152,Beginner
496,126,Beginner
496,109,Beginner
496,1,Intermediate
496,167,Advanced
497,196,Beginner
497,112,Intermediate
497,45,Intermediate
497,141,Intermediate
497,62,Beginner
498,178,Advanced
498,116,Beginner
498,23,Advanced
498,155,Advanced
498,70,Beginner
499,18,Beginner
500,132,Beginner
500,26,Beginner
500,75,Intermediate
500,134,Advanced
500,77,Advanced
