course_id,title,difficulty,language,totalTime,totalModules,created_at
1,Total solution-oriented Graphic Interface,Intermediate,Japanese,379,6,2023-12-29 15:22:34
2,Enhanced mobile Graphic Interface,Intermediate,Spanish,421,27,2022-10-28 02:22:40
3,Fundamental radical workforce,Beginner,English,354,13,2023-02-25 19:00:50
4,Expanded exuding help-desk,Advanced,Hindi,274,30,2023-05-25 23:51:59
5,Object-based global strategy,Advanced,German,193,29,2023-09-04 00:25:38
6,Fundamental systemic extranet,Intermediate,Tamil,345,15,2023-07-06 20:16:35
7,Focused optimal secured line,Beginner,German,455,24,2024-05-02 11:47:55
8,Reactive web-enabled time-frame,Beginner,Hindi,292,26,2024-06-17 10:05:46
9,Seamless foreground policy,Advanced,Tamil,188,30,2024-09-05 19:57:02
10,Reduced motivating Internet solution,Intermediate,French,397,27,2023-01-14 16:35:30
11,Multi-lateral even-keeled pricing structure,Intermediate,Tamil,158,10,2024-06-18 07:52:03
12,Enterprise-wide neutral database,Intermediate,French,332,28,2024-07-14 07:48:20
13,Managed grid-enabled implementation,Advanced,French,462,27,2022-10-17 01:44:59
14,Synchronized dedicated parallelism,Intermediate,German,129,5,2024-02-12 13:47:19
15,Adaptive mission-critical definition,Beginner,English,224,16,2022-10-25 22:59:28
16,Centralized optimizing matrices,Advanced,German,40,17,2024-05-02 09:36:07
17,Persistent reciprocal Graphic Interface,Intermediate,English,358,14,2022-12-25 08:22:15
18,Expanded analyzing help-desk,Intermediate,German,169,30,2023-08-04 13:54:26
19,Multi-channeled scalable product,Advanced,German,248,26,2023-10-17 17:46:27
20,Public-key asynchronous time-frame,Intermediate,Hindi,475,29,2024-03-21 15:03:03
21,Open-architected background emulation,Intermediate,Tamil,160,12,2023-12-27 05:53:44
22,Synergized discrete encoding,Advanced,German,216,9,2024-06-05 16:28:37
23,Enhanced motivating policy,Advanced,Spanish,349,12,2023-09-17 06:03:36
24,Integrated zero tolerance model,Beginner,Spanish,367,27,2023-08-01 15:22:45
25,Programmable empowering software,Advanced,Hindi,378,26,2022-12-13 09:09:34
26,Self-enabling fault-tolerant encryption,Advanced,German,122,13,2023-09-25 05:13:05
27,Networked non-volatile emulation,Advanced,Tamil,85,22,2024-03-24 12:29:53
28,Vision-oriented logistical adapter,Beginner,Japanese,39,7,2023-11-14 14:48:56
285,Phased national success,Beginner,Japanese,201,5,2022-12-05 14:38:09
29,Public-key impactful encryption,Advanced,Japanese,378,9,2024-02-09 19:40:29
30,Quality-focused discrete open system,Intermediate,Hindi,400,19,2024-04-08 15:22:55
31,Universal 6thgeneration application,Intermediate,German,386,7,2024-10-03 13:42:00
32,Digitized discrete architecture,Advanced,Spanish,112,9,2024-04-02 12:34:28
33,Object-based multimedia architecture,Intermediate,German,32,22,2024-06-11 00:26:13
34,Visionary motivating emulation,Intermediate,Tamil,99,23,2024-01-29 20:07:12
35,Persevering transitional algorithm,Advanced,Tamil,104,16,2024-01-02 07:58:01
36,Configurable empowering utilization,Intermediate,English,122,7,2023-09-25 04:09:18
37,Self-enabling asymmetric Internet solution,Advanced,Spanish,338,24,2024-06-01 04:51:38
38,Phased bandwidth-monitored firmware,Beginner,Spanish,403,17,2023-08-11 11:13:53
39,Future-proofed holistic migration,Advanced,Hindi,356,18,2023-10-03 18:17:07
40,Stand-alone non-volatile budgetary management,Intermediate,English,328,17,2024-09-23 06:10:25
41,Persistent fresh-thinking standardization,Intermediate,German,443,12,2023-09-16 14:28:57
42,Multi-channeled multi-tasking workforce,Advanced,French,411,25,2022-10-21 00:03:51
43,Enterprise-wide systemic concept,Intermediate,Spanish,428,20,2024-04-18 05:48:33
44,Versatile multi-state help-desk,Advanced,Hindi,410,5,2023-12-30 15:19:50
45,Realigned fault-tolerant toolset,Advanced,German,93,24,2024-01-08 09:37:46
46,Object-based well-modulated access,Intermediate,German,321,13,2023-12-29 14:54:26
47,Decentralized secondary concept,Beginner,French,461,11,2024-02-17 16:44:13
48,Diverse bifurcated superstructure,Beginner,Spanish,285,7,2023-12-06 10:12:55
49,Visionary empowering monitoring,Intermediate,German,140,30,2022-10-29 21:46:28
50,Distributed scalable ability,Intermediate,English,389,26,2024-03-08 03:57:00
51,Intuitive mission-critical toolset,Advanced,Hindi,123,29,2024-09-01 01:51:10
52,Business-focused systemic project,Intermediate,Japanese,109,23,2023-04-24 11:42:38
53,Synergistic dynamic attitude,Intermediate,English,485,9,2023-02-03 07:19:28
54,Optional 5thgeneration emulation,Intermediate,Spanish,223,20,2023-07-10 17:29:07
55,User-centric zero tolerance superstructure,Advanced,Spanish,130,8,2023-04-14 09:15:40
56,Synchronized systemic hardware,Advanced,French,318,25,2022-12-07 20:31:08
57,Switchable transitional framework,Beginner,French,469,18,2023-03-22 15:11:07
58,Compatible transitional circuit,Intermediate,Japanese,463,17,2023-06-12 00:51:19
59,Grass-roots 24/7 middleware,Beginner,Japanese,170,17,2023-01-16 05:01:04
60,Re-engineered solution-oriented conglomeration,Advanced,Tamil,230,28,2023-08-02 03:16:24
61,Ameliorated multi-tasking contingency,Beginner,German,441,9,2023-03-25 00:33:58
62,Reverse-engineered foreground support,Beginner,Tamil,386,23,2023-11-30 19:24:46
63,Self-enabling heuristic groupware,Intermediate,English,440,29,2023-06-03 11:27:43
64,Function-based empowering workforce,Intermediate,Spanish,68,16,2024-01-11 18:36:05
65,Open-source intermediate encryption,Intermediate,Hindi,152,6,2024-02-09 20:07:15
66,Sharable holistic benchmark,Advanced,French,239,15,2023-09-11 08:12:52
67,User-centric actuating task-force,Intermediate,Japanese,265,29,2023-12-11 08:52:12
68,Reverse-engineered grid-enabled knowledgebase,Intermediate,Spanish,266,20,2023-03-09 13:39:10
69,Stand-alone leadingedge initiative,Intermediate,French,414,10,2023-11-20 12:01:55
70,Compatible human-resource analyzer,Beginner,Tamil,323,17,2024-07-21 08:58:06
71,Organized tertiary data-warehouse,Intermediate,English,397,20,2023-10-07 20:47:21
72,Reduced directional website,Advanced,Tamil,217,11,2024-04-20 20:08:02
73,Stand-alone impactful conglomeration,Intermediate,Tamil,484,23,2023-12-17 21:13:45
74,Focused executive project,Intermediate,Spanish,343,12,2023-08-28 03:08:29
75,Phased systemic open system,Intermediate,German,34,28,2023-12-18 19:42:29
76,Assimilated uniform hierarchy,Intermediate,Japanese,97,7,2023-07-16 04:36:38
77,Public-key bandwidth-monitored complexity,Beginner,French,430,18,2023-07-22 14:12:14
78,Robust discrete attitude,Beginner,English,315,30,2023-04-20 20:37:03
79,Diverse multimedia ability,Intermediate,Spanish,201,22,2024-03-03 21:55:37
80,Managed composite superstructure,Advanced,Tamil,69,24,2024-09-29 19:28:15
81,Multi-channeled foreground analyzer,Beginner,Japanese,118,17,2024-10-02 16:45:52
82,Innovative homogeneous forecast,Advanced,Spanish,451,30,2022-10-30 00:57:56
83,Optimized content-based alliance,Beginner,French,181,18,2024-06-16 04:12:11
84,Persevering human-resource infrastructure,Advanced,German,318,27,2023-11-14 17:14:41
85,Open-source explicit capability,Intermediate,English,41,14,2022-11-07 09:02:01
86,Automated attitude-oriented challenge,Intermediate,Spanish,372,17,2023-11-03 21:33:07
87,Team-oriented clear-thinking standardization,Intermediate,Japanese,175,20,2024-04-07 17:52:27
88,Sharable eco-centric capacity,Beginner,Spanish,242,27,2023-02-28 10:24:38
89,Inverse optimal challenge,Intermediate,Hindi,352,6,2023-12-11 09:59:08
90,Reduced dedicated website,Advanced,German,414,29,2022-11-29 03:04:29
91,Universal foreground knowledge user,Intermediate,German,488,6,2023-03-12 19:08:18
92,Persistent value-added emulation,Intermediate,French,128,13,2023-09-10 20:07:53
93,Exclusive discrete orchestration,Advanced,Hindi,387,25,2023-12-23 11:08:00
94,Upgradable zero tolerance complexity,Intermediate,Spanish,119,6,2024-02-09 16:29:42
95,Optimized maximized software,Beginner,Japanese,229,24,2022-11-20 22:46:26
96,Organized systemic hardware,Beginner,German,121,10,2023-04-01 00:07:29
97,Centralized human-resource array,Beginner,English,422,15,2023-05-02 15:46:29
98,Streamlined next generation utilization,Advanced,English,89,21,2023-04-13 22:11:31
99,Stand-alone clear-thinking middleware,Beginner,French,225,10,2024-05-09 17:03:47
100,Grass-roots non-volatile throughput,Beginner,Hindi,369,15,2023-04-11 20:31:09
101,Up-sized systematic challenge,Intermediate,Hindi,391,20,2024-04-01 02:32:19
102,Open-architected client-driven data-warehouse,Advanced,English,115,22,2023-04-24 20:51:57
103,Up-sized intermediate task-force,Advanced,Tamil,52,7,2024-08-05 11:49:51
104,Right-sized high-level circuit,Beginner,French,209,9,2022-11-11 12:13:46
105,Synergized holistic policy,Beginner,Japanese,334,22,2023-12-26 18:56:25
106,Reactive transitional budgetary management,Intermediate,Hindi,344,6,2023-08-07 22:03:52
107,Reactive mobile hub,Beginner,English,229,20,2024-05-07 08:40:58
108,Multi-tiered asynchronous adapter,Advanced,Hindi,42,29,2022-11-23 00:16:37
109,Balanced content-based focus group,Intermediate,Spanish,450,13,2024-01-25 07:09:13
110,Universal fault-tolerant emulation,Beginner,Japanese,363,14,2023-12-01 00:22:00
111,Intuitive well-modulated toolset,Beginner,German,255,7,2024-04-26 01:38:48
112,Robust leadingedge collaboration,Intermediate,Japanese,370,22,2024-08-09 14:02:03
113,User-centric multi-state standardization,Advanced,Tamil,436,12,2023-09-22 14:54:26
114,Multi-layered neutral strategy,Beginner,Hindi,205,15,2023-04-20 22:14:51
115,Triple-buffered impactful standardization,Intermediate,Spanish,373,26,2024-08-18 06:22:48
116,User-friendly fault-tolerant attitude,Beginner,Tamil,279,6,2023-11-25 16:01:25
117,Advanced responsive project,Beginner,Japanese,234,20,2023-01-06 01:41:14
118,Reactive high-level migration,Beginner,Tamil,204,15,2023-10-11 00:01:27
119,Secured interactive product,Beginner,Tamil,273,8,2024-04-14 06:25:41
120,Mandatory local Local Area Network,Intermediate,English,238,22,2024-09-05 15:38:34
121,Realigned multimedia neural-net,Intermediate,Hindi,362,11,2024-06-09 11:04:36
122,Right-sized web-enabled array,Advanced,Spanish,231,14,2023-05-02 12:19:28
123,Fully-configurable multi-tasking infrastructure,Intermediate,Tamil,441,11,2024-05-01 18:43:00
124,Fully-configurable regional customer loyalty,Intermediate,French,470,9,2023-08-20 04:00:20
125,Team-oriented explicit policy,Intermediate,English,96,9,2024-07-22 17:15:38
126,Organized intermediate complexity,Intermediate,German,417,18,2024-08-20 03:10:18
127,Profound systemic utilization,Beginner,French,204,28,2024-05-01 03:42:22
128,Innovative actuating hardware,Beginner,German,261,18,2024-10-03 12:36:47
129,Intuitive leadingedge orchestration,Beginner,English,486,15,2022-11-11 18:03:56
130,Public-key full-range implementation,Advanced,French,279,11,2024-05-10 09:13:26
131,Seamless coherent moderator,Intermediate,German,121,21,2023-06-04 13:27:56
132,Enterprise-wide asymmetric policy,Beginner,Hindi,290,28,2023-02-24 01:55:13
133,Customizable executive methodology,Beginner,Tamil,320,13,2024-07-10 13:51:42
134,Fundamental impactful project,Beginner,French,158,29,2023-09-11 12:02:35
135,Multi-lateral radical strategy,Intermediate,Japanese,321,26,2024-06-02 09:41:27
136,Focused demand-driven function,Intermediate,German,95,14,2022-10-31 12:43:15
137,User-centric systematic analyzer,Beginner,Tamil,30,25,2022-12-26 10:16:02
138,Monitored actuating approach,Beginner,French,421,13,2024-06-12 17:21:12
139,Exclusive actuating installation,Beginner,Hindi,82,27,2024-04-27 20:09:56
140,Face-to-face zero-defect application,Intermediate,Tamil,153,30,2022-11-16 16:55:47
141,User-centric hybrid analyzer,Beginner,Hindi,260,23,2024-03-08 17:56:24
142,Integrated responsive analyzer,Advanced,Spanish,406,23,2023-08-31 02:47:05
143,Multi-channeled asynchronous definition,Advanced,Tamil,103,16,2023-11-11 23:11:21
144,Balanced contextually-based initiative,Advanced,Tamil,483,10,2024-08-10 01:45:55
145,Robust fresh-thinking help-desk,Beginner,German,159,20,2022-12-17 13:37:15
146,Devolved secondary throughput,Advanced,Spanish,388,16,2024-08-14 13:44:59
147,Re-engineered systematic architecture,Beginner,Hindi,404,8,2024-03-21 12:14:59
148,Exclusive exuding Graphic Interface,Intermediate,Spanish,253,21,2023-08-31 22:15:32
149,Triple-buffered tertiary Local Area Network,Beginner,Japanese,240,16,2023-02-05 17:28:41
150,Virtual global complexity,Advanced,Tamil,75,27,2023-10-28 22:08:33
151,Reverse-engineered optimal hub,Intermediate,German,48,22,2024-03-08 03:32:29
152,Self-enabling analyzing secured line,Advanced,German,224,19,2024-02-07 23:15:47
153,Realigned executive adapter,Intermediate,Japanese,485,5,2023-07-24 03:19:01
154,Extended zero administration system engine,Beginner,French,244,27,2024-08-19 15:00:39
155,Reduced even-keeled implementation,Advanced,Hindi,462,26,2024-02-20 19:58:44
156,Extended web-enabled database,Beginner,Hindi,91,6,2023-04-12 02:21:03
157,Face-to-face upward-trending solution,Intermediate,Spanish,342,21,2024-01-07 13:38:54
158,Streamlined tangible concept,Advanced,German,398,8,2023-01-30 16:33:09
159,Proactive impactful workforce,Advanced,Spanish,145,9,2024-09-06 13:51:35
160,Stand-alone eco-centric installation,Intermediate,Japanese,81,21,2022-11-12 21:00:39
161,Multi-tiered bandwidth-monitored data-warehouse,Beginner,English,459,20,2023-08-17 23:19:30
162,Right-sized upward-trending solution,Beginner,French,363,25,2024-06-21 20:54:24
163,Quality-focused encompassing installation,Intermediate,German,95,6,2024-06-19 04:13:54
164,Assimilated zero-defect solution,Intermediate,English,409,28,2023-08-01 17:36:33
165,Reverse-engineered demand-driven Internet solution,Intermediate,French,265,5,2024-08-07 19:06:33
166,Synchronized context-sensitive contingency,Beginner,Spanish,330,15,2024-05-02 17:23:25
167,Face-to-face fresh-thinking superstructure,Beginner,English,186,18,2023-12-11 10:21:58
168,Fundamental didactic framework,Intermediate,Japanese,284,17,2023-04-12 06:12:32
169,Sharable even-keeled website,Beginner,Spanish,206,27,2023-04-27 17:14:08
170,Realigned logistical conglomeration,Advanced,English,125,28,2022-12-18 16:44:27
171,Cross-platform foreground core,Intermediate,Hindi,376,6,2023-12-21 08:28:05
172,Exclusive asymmetric instruction set,Advanced,Hindi,233,18,2024-04-11 15:02:49
173,Triple-buffered optimizing complexity,Beginner,Tamil,436,5,2024-05-05 18:07:47
174,Reverse-engineered multi-tasking firmware,Beginner,Tamil,490,15,2022-11-07 22:51:32
175,Centralized incremental task-force,Intermediate,Japanese,262,28,2022-11-26 07:25:41
176,Organic national Graphical User Interface,Intermediate,Spanish,54,6,2024-04-26 16:56:02
177,Fundamental demand-driven framework,Advanced,Japanese,103,11,2022-11-17 13:18:31
178,Universal leadingedge portal,Advanced,German,405,17,2023-09-18 18:49:34
179,Configurable bifurcated encryption,Beginner,Japanese,168,25,2023-02-19 18:23:28
180,Persevering background migration,Intermediate,Tamil,247,21,2024-06-03 06:03:35
181,Centralized 24hour encryption,Advanced,Japanese,316,11,2023-09-07 00:59:24
182,Versatile static database,Advanced,Tamil,154,8,2023-10-10 08:46:25
183,Business-focused clear-thinking open system,Beginner,Hindi,440,11,2024-04-07 17:37:05
184,Fundamental real-time migration,Intermediate,German,67,10,2024-04-06 12:26:52
185,Programmable context-sensitive algorithm,Advanced,French,494,29,2024-07-29 08:08:29
186,Total dedicated function,Advanced,English,326,11,2023-10-26 15:41:30
187,Decentralized local neural-net,Beginner,German,323,24,2024-09-10 20:26:16
188,Front-line methodical instruction set,Intermediate,Japanese,139,21,2024-03-29 22:56:09
189,Synchronized fresh-thinking parallelism,Intermediate,Spanish,282,30,2023-04-27 18:14:27
190,Persevering bottom-line customer loyalty,Advanced,Hindi,272,22,2023-07-14 00:33:01
191,Advanced full-range forecast,Beginner,Tamil,143,5,2024-08-01 15:57:45
192,Decentralized optimizing website,Advanced,French,99,13,2023-03-15 04:48:37
193,Compatible 4thgeneration implementation,Advanced,French,46,20,2024-08-12 12:08:21
194,Distributed logistical leverage,Intermediate,German,313,30,2023-08-07 09:19:50
195,Team-oriented 24hour support,Advanced,French,167,15,2024-08-27 14:14:27
196,Reverse-engineered multimedia database,Beginner,Tamil,235,21,2023-01-02 02:08:30
197,Seamless client-server architecture,Intermediate,Japanese,420,9,2024-05-31 07:05:40
198,Re-contextualized needs-based service-desk,Advanced,Japanese,81,15,2024-05-06 05:50:04
199,Enhanced reciprocal leverage,Advanced,German,73,12,2023-12-21 00:34:25
200,Digitized 5thgeneration info-mediaries,Beginner,French,34,23,2023-03-11 16:28:49
313,Face-to-face mission-critical encryption,Intermediate,Japanese,280,28,2023-08-25 14:12:31
201,Realigned asymmetric monitoring,Advanced,French,380,10,2023-12-06 17:45:15
202,Customizable intermediate challenge,Beginner,Japanese,77,6,2022-10-30 20:09:28
203,Total explicit interface,Intermediate,French,156,10,2023-04-10 17:35:37
204,Stand-alone multimedia knowledge user,Intermediate,Tamil,425,28,2024-08-18 05:13:59
205,Right-sized background utilization,Beginner,French,242,26,2022-12-20 22:09:10
206,Object-based hybrid conglomeration,Advanced,Tamil,396,17,2024-06-26 17:12:29
207,Adaptive contextually-based groupware,Beginner,French,47,18,2023-11-27 10:03:41
208,Organic well-modulated leverage,Advanced,French,69,14,2024-09-21 13:06:14
209,Ameliorated executive open system,Intermediate,Japanese,230,15,2024-06-16 04:03:21
210,Ameliorated exuding monitoring,Beginner,Japanese,130,13,2023-07-01 23:36:32
211,Secured 3rdgeneration customer loyalty,Advanced,Japanese,112,29,2023-06-01 03:02:03
212,Synchronized executive moderator,Beginner,French,175,21,2022-12-12 12:30:56
213,Mandatory content-based process improvement,Beginner,Spanish,228,5,2024-07-16 03:47:43
214,Networked human-resource workforce,Beginner,Tamil,298,16,2023-12-20 18:40:42
215,Reduced multimedia extranet,Beginner,French,421,28,2024-06-06 08:57:04
216,Stand-alone web-enabled solution,Intermediate,Tamil,270,7,2024-07-06 09:19:24
217,Compatible static leverage,Beginner,Japanese,245,22,2023-09-12 18:02:52
218,Expanded didactic protocol,Intermediate,French,375,7,2023-12-28 16:11:16
219,Decentralized analyzing info-mediaries,Intermediate,Spanish,161,28,2024-01-26 12:19:27
220,Multi-layered explicit attitude,Advanced,Japanese,377,8,2022-12-31 10:45:16
221,Object-based local open architecture,Advanced,French,276,15,2023-01-21 06:56:33
222,Total interactive budgetary management,Beginner,Japanese,496,14,2024-08-10 23:39:33
223,Synchronized human-resource encryption,Beginner,Tamil,276,13,2024-08-06 20:20:42
224,Pre-emptive well-modulated process improvement,Beginner,English,449,13,2023-01-28 23:13:32
225,Operative dedicated service-desk,Beginner,English,83,27,2024-01-27 20:19:45
226,Ameliorated bottom-line Graphic Interface,Intermediate,French,51,9,2024-09-10 15:08:03
227,Open-architected 6thgeneration encoding,Intermediate,Hindi,251,28,2022-11-24 23:26:10
228,Digitized demand-driven utilization,Advanced,Spanish,140,20,2024-06-17 09:04:59
229,Customizable global hub,Intermediate,Tamil,333,7,2024-02-21 01:28:29
230,Intuitive homogeneous analyzer,Intermediate,Japanese,440,30,2023-04-01 13:42:48
231,Distributed leadingedge superstructure,Advanced,German,213,14,2023-03-29 04:28:33
232,Optional bottom-line core,Advanced,English,117,24,2022-11-15 13:08:41
233,Cross-group bifurcated initiative,Beginner,English,178,19,2023-08-24 03:28:05
234,De-engineered client-driven function,Beginner,German,118,15,2023-03-14 09:07:51
235,Innovative local time-frame,Beginner,Tamil,370,26,2023-09-18 04:17:15
236,Customer-focused bi-directional neural-net,Advanced,French,455,29,2023-04-27 11:13:41
237,Function-based global policy,Beginner,Hindi,64,18,2023-12-10 09:40:14
238,Right-sized mission-critical productivity,Beginner,German,367,15,2023-05-22 10:04:45
239,Progressive exuding open system,Beginner,German,336,5,2023-03-19 22:23:07
240,Realigned web-enabled knowledgebase,Advanced,Japanese,167,24,2024-03-06 18:12:40
241,Profit-focused dynamic Internet solution,Intermediate,German,148,28,2023-05-28 23:52:30
242,Team-oriented responsive function,Beginner,Spanish,377,26,2023-10-04 03:12:05
243,Enterprise-wide bottom-line frame,Intermediate,Spanish,201,20,2023-10-15 20:59:14
244,Versatile hybrid matrix,Beginner,Japanese,391,20,2024-06-02 09:16:57
245,Vision-oriented 24/7 open architecture,Advanced,Tamil,296,9,2024-04-11 08:08:17
246,Synergistic regional frame,Beginner,Hindi,98,5,2023-11-11 09:26:31
247,De-engineered clear-thinking artificial intelligence,Beginner,French,32,13,2022-11-11 08:17:31
248,Innovative zero tolerance forecast,Advanced,Tamil,101,23,2024-06-25 00:32:30
249,Fully-configurable even-keeled Local Area Network,Beginner,German,137,24,2024-05-30 16:24:55
250,Balanced neutral open architecture,Beginner,German,266,10,2023-11-13 01:18:02
251,Intuitive logistical extranet,Intermediate,French,480,15,2023-06-04 19:38:18
252,Cross-group client-server application,Advanced,Japanese,366,22,2023-04-27 16:23:53
253,Advanced value-added paradigm,Beginner,Tamil,381,18,2023-07-21 02:16:42
254,Diverse asynchronous circuit,Advanced,Hindi,128,26,2023-01-28 20:16:18
255,Reduced zero tolerance middleware,Beginner,English,370,17,2023-07-29 12:24:01
256,Persistent zero administration open system,Beginner,Hindi,283,25,2023-02-12 09:19:35
257,Cloned disintermediate installation,Intermediate,Spanish,184,6,2023-05-20 15:11:19
258,Business-focused real-time matrix,Intermediate,Tamil,381,21,2023-11-13 14:22:01
259,Persistent high-level access,Beginner,French,447,10,2023-01-22 17:50:32
260,Reduced discrete neural-net,Intermediate,Spanish,90,30,2024-01-21 13:09:43
261,Digitized intangible open system,Beginner,Tamil,285,25,2023-07-12 17:09:41
262,Virtual contextually-based help-desk,Advanced,French,290,27,2024-09-25 02:49:58
263,Public-key regional strategy,Advanced,French,319,18,2022-12-27 18:46:26
264,Assimilated disintermediate database,Intermediate,French,425,28,2023-11-02 03:48:49
265,Progressive fresh-thinking encoding,Beginner,English,472,26,2024-06-18 15:31:34
266,Diverse well-modulated moderator,Advanced,German,462,5,2023-03-24 13:55:08
267,Cloned multi-state throughput,Advanced,English,38,23,2024-06-24 02:05:12
268,Seamless stable utilization,Beginner,Tamil,500,30,2023-10-19 09:04:34
269,Customer-focused cohesive migration,Beginner,Japanese,425,25,2023-01-29 18:23:51
270,Enterprise-wide eco-centric function,Beginner,English,469,15,2023-04-17 03:02:00
271,Open-source modular artificial intelligence,Advanced,Hindi,145,12,2023-11-15 22:16:19
272,Organized modular website,Intermediate,French,498,10,2023-09-06 23:24:53
273,De-engineered discrete functionalities,Intermediate,Japanese,69,20,2023-08-10 09:41:58
274,Multi-layered mission-critical adapter,Beginner,Spanish,66,26,2023-12-21 15:29:59
275,Front-line stable Graphical User Interface,Intermediate,French,180,21,2024-04-04 17:21:02
276,Total reciprocal middleware,Advanced,German,274,5,2023-12-30 03:10:44
277,Cross-platform intermediate Graphical User Interface,Intermediate,German,133,14,2023-06-12 07:57:59
278,Advanced exuding Local Area Network,Beginner,Tamil,330,26,2024-05-12 20:35:10
279,Ergonomic reciprocal process improvement,Advanced,Spanish,81,24,2023-06-03 09:10:26
280,Secured intermediate software,Beginner,French,462,16,2024-04-09 12:51:24
281,User-friendly maximized success,Advanced,Spanish,61,7,2024-10-02 05:07:17
282,Programmable dedicated artificial intelligence,Intermediate,Tamil,167,13,2022-12-27 18:22:33
283,Enterprise-wide solution-oriented customer loyalty,Advanced,Japanese,214,10,2024-06-14 05:45:08
284,Customer-focused asynchronous circuit,Intermediate,German,107,5,2023-06-09 11:49:54
286,Organic non-volatile database,Intermediate,German,93,9,2023-05-13 10:12:49
287,Horizontal methodical parallelism,Beginner,Hindi,336,6,2023-06-29 02:12:56
288,Automated human-resource knowledge user,Advanced,French,208,21,2024-07-18 13:31:15
289,Persistent encompassing approach,Intermediate,Hindi,215,17,2024-08-31 03:35:23
290,Extended optimizing migration,Advanced,Spanish,201,23,2023-05-28 11:43:53
291,Total 24/7 superstructure,Intermediate,German,357,14,2024-06-21 19:02:18
292,Cloned zero tolerance moratorium,Advanced,German,471,11,2023-05-27 10:46:10
293,Reduced didactic pricing structure,Advanced,French,413,13,2024-05-02 19:33:53
294,User-centric zero administration installation,Intermediate,English,297,15,2023-06-19 02:26:08
295,Operative mission-critical hardware,Intermediate,German,124,13,2023-03-13 16:00:25
296,Streamlined asynchronous secured line,Beginner,Tamil,441,16,2024-03-26 08:55:50
297,Multi-tiered clear-thinking function,Advanced,English,347,24,2023-01-10 12:21:02
298,Monitored content-based contingency,Beginner,Spanish,415,5,2023-06-04 05:20:43
299,Sharable attitude-oriented definition,Beginner,French,134,26,2024-04-16 12:38:03
300,Enhanced real-time software,Beginner,Tamil,142,13,2023-06-16 16:40:17
301,Compatible systemic hierarchy,Beginner,Tamil,414,10,2024-06-09 21:42:19
302,Up-sized optimizing website,Intermediate,French,268,25,2023-12-07 10:57:59
303,Proactive content-based conglomeration,Advanced,English,130,28,2023-05-06 16:36:35
304,Public-key asymmetric neural-net,Beginner,French,323,9,2024-06-10 19:09:19
305,Multi-tiered fresh-thinking interface,Intermediate,Tamil,353,24,2023-11-08 02:47:41
306,Re-contextualized attitude-oriented definition,Beginner,Tamil,332,12,2024-04-07 10:22:59
307,Automated client-server framework,Intermediate,English,271,22,2023-05-03 14:43:07
308,Centralized solution-oriented superstructure,Advanced,French,431,17,2024-05-22 18:29:22
309,Diverse content-based neural-net,Intermediate,Japanese,351,11,2024-07-05 06:24:55
310,Realigned hybrid implementation,Beginner,Hindi,320,5,2023-08-14 15:42:29
311,Optional responsive forecast,Beginner,Tamil,472,14,2024-03-20 23:18:00
312,Switchable global capacity,Beginner,Hindi,128,15,2023-10-01 12:16:19
314,Horizontal real-time interface,Intermediate,Tamil,167,25,2023-11-21 00:58:39
315,Future-proofed discrete ability,Intermediate,Spanish,248,7,2024-03-04 13:49:14
316,Right-sized zero administration budgetary management,Beginner,German,92,6,2023-12-30 02:50:42
317,Virtual uniform architecture,Advanced,Spanish,387,23,2023-04-27 23:16:21
318,Reactive bi-directional conglomeration,Beginner,Spanish,369,23,2023-12-31 20:59:00
319,Optional grid-enabled pricing structure,Advanced,Spanish,425,20,2023-08-18 05:03:07
320,Polarized explicit leverage,Advanced,Tamil,238,11,2024-07-25 08:18:33
321,Self-enabling interactive neural-net,Intermediate,French,223,20,2024-07-20 10:09:43
322,Profound dynamic instruction set,Intermediate,French,85,20,2023-04-16 14:18:37
323,Reactive holistic instruction set,Intermediate,Spanish,490,16,2022-12-10 05:22:39
324,Business-focused even-keeled benchmark,Intermediate,German,65,28,2023-12-05 05:49:13
325,Customer-focused interactive synergy,Beginner,Hindi,73,18,2023-06-17 14:05:14
326,Phased background groupware,Intermediate,Hindi,308,7,2023-01-03 05:20:03
327,Vision-oriented asymmetric structure,Beginner,French,65,29,2023-02-04 04:33:01
328,Realigned human-resource matrix,Advanced,Tamil,469,17,2023-10-25 10:01:55
329,Down-sized multi-state leverage,Intermediate,French,469,23,2024-03-06 23:31:07
330,Future-proofed real-time hub,Beginner,German,161,18,2023-04-22 14:33:14
331,Programmable even-keeled process improvement,Intermediate,English,480,10,2023-03-07 15:04:56
332,Future-proofed mobile hardware,Advanced,Spanish,352,12,2024-06-02 10:41:21
333,Stand-alone 24hour project,Beginner,Japanese,335,9,2023-01-19 09:22:27
334,Enhanced upward-trending Graphical User Interface,Beginner,Japanese,213,8,2022-12-14 16:03:29
335,Virtual radical workforce,Beginner,Hindi,177,22,2024-09-10 09:23:49
336,Secured context-sensitive matrix,Beginner,French,460,12,2023-03-11 15:57:07
337,Mandatory 24hour flexibility,Beginner,Hindi,288,11,2023-03-13 08:14:32
338,Optimized 24hour middleware,Advanced,Tamil,442,30,2023-08-08 14:14:40
339,Decentralized object-oriented superstructure,Beginner,German,411,25,2023-07-18 01:02:08
340,Enhanced reciprocal monitoring,Advanced,English,303,14,2024-06-26 08:36:49
341,Cloned radical project,Advanced,Spanish,221,23,2023-08-31 13:23:23
342,Universal hybrid frame,Advanced,German,345,8,2023-11-15 13:38:35
343,Managed directional process improvement,Intermediate,French,229,28,2022-10-28 03:09:46
373,Synchronized transitional access,Intermediate,English,283,15,2024-09-07 18:34:40
344,Innovative 4thgeneration infrastructure,Intermediate,Spanish,258,19,2024-03-25 19:12:21
345,Upgradable uniform knowledgebase,Beginner,Hindi,62,7,2023-05-21 14:24:52
346,Exclusive responsive help-desk,Advanced,Spanish,342,18,2023-12-26 04:57:46
347,Managed asynchronous collaboration,Intermediate,English,262,29,2023-05-01 14:55:05
348,User-centric optimizing forecast,Intermediate,German,413,13,2023-02-21 14:24:06
349,Digitized zero-defect benchmark,Beginner,German,350,5,2023-02-19 20:50:30
350,Integrated bifurcated matrices,Intermediate,German,71,8,2024-04-25 13:22:28
351,Reactive bifurcated portal,Advanced,Spanish,317,14,2023-10-15 00:55:21
352,Front-line systemic concept,Beginner,Japanese,347,19,2023-03-29 19:56:44
353,Polarized stable monitoring,Beginner,Spanish,97,6,2023-06-04 11:01:54
354,Adaptive stable workforce,Beginner,Japanese,395,18,2022-12-20 08:13:43
355,Programmable bi-directional encryption,Beginner,German,363,6,2024-06-19 15:31:20
356,Advanced grid-enabled software,Advanced,Japanese,304,19,2023-01-08 18:56:14
357,Pre-emptive zero-defect open architecture,Advanced,German,191,7,2024-08-28 05:58:18
358,Fully-configurable secondary attitude,Beginner,Tamil,293,21,2023-08-24 01:10:53
359,Innovative logistical extranet,Intermediate,Tamil,98,21,2024-07-09 11:19:39
360,Grass-roots fresh-thinking encryption,Beginner,Hindi,170,19,2023-05-09 08:34:21
361,Persistent zero-defect database,Advanced,Spanish,138,22,2024-04-16 19:08:47
362,Operative heuristic website,Beginner,English,332,11,2023-05-25 02:20:59
363,Devolved systematic project,Beginner,German,198,21,2023-10-27 19:55:22
364,Extended stable help-desk,Intermediate,Tamil,370,5,2022-11-11 10:10:24
365,Ergonomic mission-critical initiative,Intermediate,French,351,20,2022-11-11 15:10:32
366,Decentralized 4thgeneration open system,Beginner,Tamil,237,16,2024-06-22 15:30:11
367,Up-sized multimedia challenge,Advanced,German,79,10,2022-10-30 04:04:34
368,Optimized fresh-thinking analyzer,Advanced,Spanish,468,23,2024-08-07 04:37:51
369,Adaptive fault-tolerant budgetary management,Intermediate,French,107,26,2024-05-20 17:24:29
370,Multi-layered even-keeled workforce,Beginner,Japanese,197,18,2023-01-28 03:32:39
371,Synergized modular frame,Intermediate,Japanese,342,25,2023-07-19 07:56:49
372,Up-sized tangible neural-net,Advanced,Tamil,31,13,2024-07-13 22:16:08
374,Persevering content-based paradigm,Advanced,German,77,30,2023-09-02 12:18:23
375,Extended impactful success,Beginner,German,132,7,2024-06-16 18:44:05
376,Decentralized composite implementation,Advanced,Tamil,218,20,2022-11-17 22:26:03
377,Future-proofed eco-centric infrastructure,Intermediate,Japanese,129,13,2022-11-17 08:46:05
378,Universal web-enabled moratorium,Intermediate,Spanish,268,16,2023-07-27 16:23:02
379,Vision-oriented methodical emulation,Beginner,English,446,17,2023-05-27 05:16:11
380,Inverse encompassing workforce,Intermediate,Spanish,327,8,2023-06-17 13:40:04
381,Inverse 24hour Local Area Network,Beginner,Hindi,33,14,2022-12-30 18:57:51
382,Pre-emptive systematic service-desk,Intermediate,English,169,22,2023-04-21 17:31:26
383,Implemented incremental project,Advanced,Spanish,484,15,2023-06-18 14:38:48
384,Configurable interactive instruction set,Beginner,German,253,9,2023-05-10 06:01:27
385,Cross-group tertiary monitoring,Beginner,French,302,26,2023-05-31 05:29:39
386,Sharable national artificial intelligence,Advanced,English,199,9,2024-03-28 17:01:33
387,Synchronized dynamic product,Beginner,Spanish,44,7,2023-10-07 13:42:19
388,Implemented maximized Internet solution,Advanced,English,391,12,2024-05-05 12:47:24
389,Organic multi-state standardization,Beginner,Hindi,163,10,2024-07-10 06:41:42
390,Universal explicit initiative,Beginner,German,466,15,2023-03-25 05:07:29
391,Versatile asynchronous emulation,Advanced,English,346,28,2024-09-05 17:21:25
392,Secured content-based superstructure,Advanced,Japanese,52,6,2024-04-12 18:36:19
393,Streamlined human-resource capacity,Beginner,Spanish,154,27,2023-12-12 06:16:21
394,Robust fresh-thinking task-force,Intermediate,Spanish,396,20,2022-11-30 12:59:03
395,Secured holistic parallelism,Intermediate,Japanese,127,12,2024-04-16 21:57:27
396,Synchronized 24/7 product,Advanced,English,118,12,2024-01-30 01:32:35
397,Compatible leadingedge adapter,Beginner,English,346,19,2024-01-27 00:28:25
398,Configurable empowering initiative,Beginner,English,298,10,2022-10-31 11:33:43
399,Ameliorated transitional complexity,Intermediate,French,384,5,2023-02-01 08:20:59
400,Integrated non-volatile Graphical User Interface,Intermediate,Hindi,63,30,2023-02-10 21:19:10
