id,username,passwordHash,email,gender,role,designationId,phoneNumber,createdAt,updatedAt
1,Lara,$2b$10$hGF62vIw6j8m8NIOtRted.DDShFPb2Q84o2jWRaVeXKuNX9lyZn5q,lara@g.co,Female,admin,,9874563210,2023-12-08 21:08:35,2024-01-31 15:16:11
2,Allison Chan,$2b$10$qDNgjVUznyUnx.v98nJ.KOU36Zi1jfwiWQXXIILftDazQxNZa3/ZG,rachelgarcia1@mgcrew.com,Female,employee,5.0,6004140515,2023-06-14 19:04:33,2023-11-01 04:39:29
3,Scott Flores,$2b$10$ljXs/iw2aFkVjPCcYjEe4ep0MfPLUtxb8ZEWJmwquR8Mya6DeJiiO,morganmorris2@mgcrew.com,Male,employee,7.0,472-937-6147x9326,2023-03-25 18:14:50,2023-06-25 00:15:11
4,Frank Trujillo,$2b$10$G.6c8vUS/WWTP2L.F7bhaeOoufemOGXiA9tjaFztnlxVC4JaV6X0q,castillodavid3@mgcrew.com,Others,employee,7.0,386-885-9354x41179,2022-10-14 09:55:19,2023-04-28 17:56:21
5,Dana Gonzalez,$2b$10$dAsGKdquEEktWKYnuVhjwO3vz2O6rlCA79.oUAI5/VEz6UctHlpue,perezjoseph4@mgcrew.com,Others,employee,5.0,001-938-348-0415x940,2022-06-27 08:07:37,2022-08-23 06:22:07
6,Scott Holt,$2b$10$YxPtC/wwZTxPHjRjg2e4PeiJRkt7yRgQ/Sk212ArqwLL1vJPNnNAy,salasbrian5@mgcrew.com,Male,employee,5.0,001-537-670-1471x722,2023-02-03 17:27:47,2023-10-30 15:29:25
7,Brian Nichols,$2b$10$yR3nsiEffDD9KgBqrIPkA.uKg1XcXgbyw1a69IsnmESad1IR9LQhi,christianbowers6@mgcrew.com,Male,employee,4.0,+1-354-659-1863,2023-03-07 01:20:08,2023-12-01 06:06:51
8,Kevin Butler,$2b$10$jJUje5KUz8xO5bsRww4V1uTD649t0YVM4fYatxZTL2haN724uJJLq,ucolon7@mgcrew.com,Male,employee,5.0,001-833-865-7855,2023-11-10 22:58:49,2024-05-13 13:47:13
9,Travis Adams,$2b$10$NvXz/f.HKXsW8XKgJDnqre4grxgHslYgGgg4si2eC44GX05U6MwhS,tracey848@mgcrew.com,Others,employee,3.0,748.570.2742,2022-04-30 23:25:07,2024-08-08 09:10:52
10,Morgan Ochoa,$2b$10$mpbdcipXPbN31uwN9LpwtuUkzyJTtbCeycL3JLV3IqfG5FCWm8wUC,smithmorgan9@mgcrew.com,Others,employee,6.0,847.712.5719x41036,2024-09-07 22:33:55,2024-09-20 09:38:54
11,Manuel Contreras,$2b$10$Og0yEkBX8hmGhsGygAvVn.oQrBrzl8Kqbo8MiimxEnxPA59ITbMKK,denisecervantes10@mgcrew.com,Others,employee,5.0,657-597-4715,2022-09-22 11:12:11,2023-02-13 14:38:17
12,Lee Edwards,$2b$10$DNZhJT61y.zNcS1uNtmIauS20TyVjhWVW1DMnCD0NqfcJlhVSMijm,kristinnguyen11@mgcrew.com,Male,employee,8.0,281.855.1557,2024-04-20 10:45:16,2024-08-14 04:54:51
13,Kathryn Casey,$2b$10$TxB8GdXiIj/jTrx1H6kANeyn/0SjdO2yHDgwnIn7mQepRQpE.veoC,trivera12@mgcrew.com,Male,employee,7.0,(523)691-4468,2023-10-06 00:43:43,2023-12-28 20:15:32
14,Jason Bowen,$2b$10$D6QEcL75AeIJAJeYlsOr5eM69gwSXuIx/Hh3UfsiR0DNcq0tpVdIm,dyerpamela13@mgcrew.com,Others,employee,6.0,001-205-296-2501x414,2022-11-30 16:01:56,2023-04-12 21:44:49
15,Abigail Brown,$2b$10$UasdlJCYQKJYadGXtAM3GeecyixQF1PR9esS2qLWXvXR4W0ke9lJ.,qmclaughlin14@mgcrew.com,Others,employee,1.0,001-897-353-6117x157,2023-11-03 06:40:18,2024-05-14 03:04:53
16,Gregory Mcdonald,$2b$10$ReDBwNvXRSdCCgT2FJYgkuvUi48C4V9ieQv0mBlMXZ5G4kly8wGRW,karihampton15@mgcrew.com,Female,employee,8.0,471-581-3382,2023-10-20 17:59:13,2024-02-07 12:38:04
17,Wendy Cole,$2b$10$lESjCUH1lBSmTGvvcBYC.eloN9fnMZf8kqa9mn6J6cAuL62FCXMBG,gcohen16@mgcrew.com,Others,employee,5.0,774-343-5943x9251,2023-11-14 12:14:48,2024-04-22 02:18:02
18,Susan Jackson,$2b$10$yhMq6VrAUXGhH.7chCYB1eXW9bz.JvBwbq/chRUJgd/RoXD7JyIAG,harrismichele17@mgcrew.com,Male,employee,5.0,974.281.7696x372,2024-06-04 09:12:34,2024-08-23 20:08:16
19,Christopher Johnson,$2b$10$EhAksnGJlDwosdGVhZM9n.KrynwskdvupXK.pSijh2jFhGJ6B.KmG,christinereyes18@mgcrew.com,Male,employee,4.0,783.946.9215x3176,2024-04-25 15:11:50,2024-08-06 11:52:20
20,Abigail Savage,$2b$10$VtUJAtIQwlWHK4RUzJalJeK2E41VsvlB3t1jvBUgStX45uPHcfnhi,dmueller19@mgcrew.com,Others,employee,5.0,(899)753-0989x751,2022-08-06 19:03:01,2024-09-04 07:05:22
21,Dawn Cook,$2b$10$KIWEp7YOmOReuB5qz95l4eRD.3rcE3Jwo3W9YLCQfqulQSFzIulqy,brianhale20@mgcrew.com,Male,employee,7.0,583.399.2270,2024-05-15 05:49:17,2024-07-08 01:22:33
22,Jessica Howard,$2b$10$fRNdUI8/WeKhzWWsTjebheT7mo8EAoY5In37bGuZ2BgqOv7ATNHRS,brandonpacheco21@mgcrew.com,Male,employee,3.0,328.471.9308,2023-08-24 17:08:52,2024-08-30 16:50:48
23,Tyler Palmer,$2b$10$Ul/vA.XBB/8Kpg/Gn8NTy.S2inJHL0GIMDFrT3pg1prv1XVV/9iT6,charles5522@mgcrew.com,Male,employee,5.0,563.567.0988x7591,2024-08-19 19:38:51,2024-09-03 19:05:33
24,Lacey Cochran,$2b$10$N4kRpZksxKDg.PJn3hob3.ULVHpiefw.17VY/mta7Lawq/Bg.WsTq,williamlee23@mgcrew.com,Others,employee,4.0,429.202.5243,2024-06-11 05:18:52,2024-08-15 16:51:10
25,Zachary Green,$2b$10$56Skqjbl2Dlkf4LSoIgAouPyy8Sop9GfyN/03uumsTnumlgxvob/.,patriciajohnson24@mgcrew.com,Others,employee,2.0,(676)738-0575,2023-10-28 06:19:33,2024-04-30 09:23:58
26,Rebecca Brown,$2b$10$pUJ4QLF9Wv1hhMZbeGqdDOK//wTvom/5npJOmwbV2.wD7GBoMvVDy,jackiewelch25@mgcrew.com,Female,employee,6.0,(982)529-6467,2023-11-02 07:43:13,2023-11-21 05:05:25
27,David Watson,$2b$10$Zfx1Wtm7AWEgzkoyMyQEo.KvlhaaV51/8az5flJUSrk1BAOrsYu16,rodriguezjoseph26@mgcrew.com,Female,employee,7.0,(210)475-3099,2023-08-12 12:28:44,2024-09-04 20:56:53
28,Tyler Reilly,$2b$10$7rHzQ0qKmYjd4vFgTmbimOIzpn/89b/TEHec0swWzsOJYi3kjhRIW,scurtis27@mgcrew.com,Female,employee,4.0,(381)474-5831x51974,2023-03-22 06:39:27,2024-06-29 13:56:21
29,Katie Gates,$2b$10$KYzRHyrtPe9x.oTrLUCGpubM0kNlnwKCc6GvWlg1CJAerJs5Tr1FW,hernandezallison28@mgcrew.com,Male,employee,3.0,(331)639-2880x51677,2024-08-07 07:42:13,2024-10-03 12:04:35
30,Vincent Horton,$2b$10$pPqQiNY0uUus94RZ14wrxOpBir22l82Fw1vGq6MNQe5UAE10qC6um,iwall29@mgcrew.com,Female,employee,3.0,001-552-859-1576x068,2022-07-21 06:42:49,2023-05-02 14:07:35
31,Ryan Marshall,$2b$10$2WMPyX4mpzT6w7AySlhUueqoCTHEqVK6wdF1PgLVLRMa8CaXLdms6,rodneywood30@mgcrew.com,Male,employee,8.0,(763)315-6887x1592,2024-01-24 08:52:23,2024-04-19 16:52:25
32,Lawrence Gordon,$2b$10$5j/mlc3NfVefwJSkv6wc1u64XS2GIpZCeu3U.w3Sm8yKAwkzcW7dy,krausediana31@mgcrew.com,Female,employee,1.0,238-622-5049x700,2022-09-26 16:26:26,2022-12-27 20:00:53
33,Julie Jarvis,$2b$10$pUfigcvRRIGY5MF34U9cmubIWUdxRjXKlLesvRdv3SLvLwSs0Jqpq,juangregory32@mgcrew.com,Male,employee,7.0,(736)896-8499,2024-07-26 02:39:56,2024-09-02 10:32:12
34,Patrick Santos,$2b$10$KyhTlXGIduBOuFvZfONsvuZlOXECB3BxCmQ94io5k0EVyZBoWOTHu,rossaaron33@mgcrew.com,Others,employee,7.0,8412503700,2022-07-24 13:37:28,2023-04-06 05:30:09
35,Cynthia Cabrera,$2b$10$vlIEhOIwRXug6xbkLzjuB.972KoPyjYIIJakxhmAD8j8Z8kqR7PxG,brian6734@mgcrew.com,Female,employee,3.0,(689)716-3390x55142,2022-11-08 21:34:14,2023-01-28 02:46:43
36,Sean Campbell,$2b$10$ZOPZ8djfdWMg.4Bo.No.BOYoPVnNjuFC.LfKUQeDWuaWPuz1pIH5O,wrightmelissa35@mgcrew.com,Female,employee,7.0,001-758-654-8789,2022-11-24 05:20:08,2024-03-27 02:48:03
37,Angelica Little,$2b$10$4G230dYdSo6fuz/9OYvzPOukGkZCZCnMGMlJ4UXJfrVqx0JN/yZuS,adamslinda36@mgcrew.com,Female,employee,5.0,3834465243,2024-06-22 20:20:45,2024-08-05 01:17:53
38,Jennifer Estrada,$2b$10$Iqa4NS42cKfwK4HCD0bfTu8VtbT04YwkvAWCylp1ASzgbmKK1l/lO,brandi3737@mgcrew.com,Male,employee,2.0,+1-725-898-9247x791,2022-09-28 11:05:08,2024-07-05 20:13:24
39,Gregory Mason,$2b$10$DDlKulfaV4CFDZbYCVwSfu8LdjasagbupENy1ygD4.uXM.blxnGDm,robert2738@mgcrew.com,Female,employee,2.0,(211)211-0013,2024-06-28 07:35:21,2024-07-22 08:29:34
40,Sandra Clark,$2b$10$4ZsvG2/U.J9bbzy.jE92iOFYEzgSeTFK8cPSlGEZuMdbGZCtNq0Hi,lnichols39@mgcrew.com,Female,employee,2.0,(986)555-3321x0409,2023-09-20 11:37:59,2023-11-28 23:13:20
41,Lydia Kemp,$2b$10$kLtd9VSlnzuRN3jvju1kouOlQ0eoDMcBGYWiRYXkK0nwwEMKhIOsy,chelseagarrison40@mgcrew.com,Others,employee,3.0,235-972-3487x06933,2024-09-13 22:31:05,2024-10-03 18:45:27
42,Allen Lambert,$2b$10$tq9KzdwShHZytrR55qqhoezIL8iCbE4ZsyCCkES7VtIjchZ1R2YZ2,tpatel41@mgcrew.com,Others,employee,4.0,5306799274,2023-07-29 20:52:16,2023-11-09 04:33:43
43,Maria Smith,$2b$10$2DM2PfCyjOYzbB3kjDKv9ewbqPSPEtRCdw9IACQlp6W1iZWZhS8Si,elizabethcohen42@mgcrew.com,Others,employee,6.0,227.710.5957x4016,2024-02-15 20:41:55,2024-02-18 16:40:36
44,Pamela King,$2b$10$wluGVJfPOcGihY.7aiGrz.ctGaMqBq4aoaYbkq1DmkeF.vPEk1f6C,rcarroll43@mgcrew.com,Others,employee,3.0,808.433.8553x64487,2024-08-03 05:15:08,2024-09-28 07:09:51
45,Justin West,$2b$10$qhzC.doxFia2bpQ2xJqIr.K/fLRvCpo1n.MTRZ5AlYX9dc96feV3.,linda7244@mgcrew.com,Female,employee,3.0,(372)541-2756x8087,2023-07-07 01:51:01,2023-09-27 10:59:47
46,Bradley Hines,$2b$10$t02FMB9PmHbcb3.Umgd4qubj/j1d6Id0FSWYQfc8DWev8K6Mrn7C6,jvelazquez45@mgcrew.com,Others,employee,4.0,993-240-3535,2022-07-05 02:45:09,2022-12-02 13:19:24
47,Tracey Moss,$2b$10$ckawbYMCA6Mnd1THguAzE.H9/Ogj5GWA0W8qrVqz9eCae/4QJEr5a,stephaniebeard46@mgcrew.com,Others,employee,6.0,489-483-4853,2022-05-19 03:50:25,2024-03-08 13:58:55
48,Casey Humphrey,$2b$10$g3hk.VY4t1LRtpz2ky23fOEe0lPifaZIH2KDMNBUnu5gr2rLFRZOy,johnsonmelanie47@mgcrew.com,Others,employee,3.0,797-424-1964x903,2022-10-08 08:52:42,2024-05-11 08:28:39
49,Donald King,$2b$10$.IgJBq4ChvrTUCq2SJMD4OA6ysig9JwETGmTxT1kDxl3AUQt6yHyK,durhamdavid48@mgcrew.com,Others,employee,2.0,260-426-4049x286,2024-01-12 18:16:29,2024-07-25 23:03:03
50,Sherri Edwards,$2b$10$rBpREUw5skHravOohusCHuqazRlqFYu.NVbg2KxwHf8XmVoKFmoey,dkelly49@mgcrew.com,Others,employee,1.0,+1-925-612-2639x467,2023-09-14 11:53:17,2023-12-24 23:07:13
51,James Watts,$2b$10$Q1bfqDSdLxqxEISf65QACeWBorwbopx/2kHe0lxWAlH3/Z1PKfEP.,lee5150@mgcrew.com,Others,employee,8.0,+1-647-706-7892x556,2024-06-29 12:54:18,2024-09-05 03:41:49
52,David Oliver,$2b$10$Ixrj6wj2YLN.QJegBclEx.r.pJ1iuvXmQRlojkDqkoEcu.wa.AaYe,rcraig51@mgcrew.com,Male,employee,6.0,(812)938-4740x208,2023-10-28 05:35:35,2024-03-13 09:30:17
53,Mr. Jeffrey Spears,$2b$10$vv1whTzgaUVlR6wTX6k/nuUmwrqHPRnlWuVNROO5iylIhWEPTzday,juliejohns52@mgcrew.com,Male,employee,6.0,511.867.0794x78390,2024-06-02 19:50:35,2024-09-08 08:08:39
54,Robin Mccoy,$2b$10$2GIQ4Ln8HMd6PSyneCDIve/8BauGebyhEtfH/ju0rJcwk8Y41/y46,fcook53@mgcrew.com,Female,employee,7.0,001-501-932-9669x023,2024-04-18 10:05:16,2024-06-26 05:27:29
55,Maria Murphy,$2b$10$dXM1zsevi89cXCj.RXxP1ubtpOWcI8FKn85asy7SnIYl.prZvWqyy,michael2154@mgcrew.com,Others,employee,8.0,969-645-8891,2023-09-03 09:00:25,2023-10-26 01:03:01
56,Alexis Huff,$2b$10$AhJLzHGuy0D5W8AFHY/DEOKc5jm5pie7Z2UmcTie7jQkLiEZZx9t6,pmalone55@mgcrew.com,Female,employee,4.0,280.293.7552x929,2023-02-10 22:11:10,2023-06-25 10:45:56
57,Teresa Wiggins,$2b$10$AHn9q6zj9J0NW2UO5xv0gOoz8Hpp3e8Ny4UnCWJBNfer9MdG73Jri,samanthafuller56@mgcrew.com,Others,employee,8.0,(946)348-4193x6797,2024-09-12 05:25:07,2024-09-24 07:52:16
58,Shannon Rogers,$2b$10$r4Gyxsubm4aUI0LnX98F5e9OaSszGSQPxuGicrbw0x4H2isMpUTmW,crystal8457@mgcrew.com,Others,employee,2.0,001-950-766-1093x537,2023-09-29 16:38:20,2023-11-10 18:38:32
59,Alyssa Conner,$2b$10$swav0z5BrEIVk6fEIZFOwOHyMTef1YZLz8dn7y4RAgRMy6.KJJMvS,nicole4058@mgcrew.com,Others,employee,3.0,246-946-4897x93960,2024-03-11 06:47:54,2024-06-20 18:20:33
60,Jeremy Houston,$2b$10$ceO/faWjinwbU6guiXe5WunQ0qUdEBv2ZLxwdfhe845bKlFheXOIG,cgreen59@mgcrew.com,Female,employee,4.0,413-772-9022x0626,2022-07-15 07:56:23,2024-02-23 16:27:01
61,Kelly Rodriguez,$2b$10$egyGXYnYWNJCQv3ZNNNnZeEa.Kl.YM.6U5s/7KNYwVoa7AGRixQaq,annbennett60@mgcrew.com,Male,employee,6.0,(803)913-1405,2024-05-23 18:08:58,2024-08-14 04:52:24
62,Crystal Ray,$2b$10$Nw6pfSeytnk.yr7xbw6iQerfyf2KmWFR54GXnGGM3.rAAnfC5ZZdq,danielbrown61@mgcrew.com,Female,employee,8.0,729-949-5382x96441,2023-11-06 18:40:11,2024-02-03 15:08:26
63,Louis Miller,$2b$10$zLqLTUwvE3y5aYNWsRI2ceC6wslgQuDTA.uq1/olSmQdM.XlnA0Q2,courtneyvelazquez62@mgcrew.com,Male,employee,8.0,791.583.7969x6862,2024-08-10 01:48:54,2024-09-06 16:56:59
64,Jeffrey Gay,$2b$10$8bQOxFD5lKlVL7XUDdqty.aDd3Qztwa4zPZQQxpQB3Io3vKxNpV7i,hinesjohn63@mgcrew.com,Female,employee,1.0,(396)818-3230,2024-02-01 23:57:11,2024-06-29 05:04:04
65,Kevin Smith,$2b$10$gT3w.3IWq1htWFktiaWKKOIVpxkBGIaj1wTxARIupgotmK1pL2OlK,daniellestewart64@mgcrew.com,Female,employee,5.0,001-331-442-9264,2023-05-21 18:23:43,2024-07-08 20:11:26
66,John Anderson,$2b$10$adsj6qm8gLnA/1gYQ.FWauFVhM3srRhvR7rL9CetrtQxdeKi9mUoG,powellmichael65@mgcrew.com,Female,employee,7.0,255-766-6954x14631,2023-01-10 09:49:58,2024-07-23 11:55:36
67,Christopher Davis,$2b$10$UoGgi2Sw1Y/YYJiUs2B87uQ1iEoXQ2TRreyvaVHbnuA3lLHeOobr.,ruth1266@mgcrew.com,Female,employee,5.0,9986998574,2023-10-05 21:19:10,2023-11-29 15:23:37
68,Sandra Thompson,$2b$10$PpFZWjRsyiQvqY99ilqnouCc6fUBw/gfF7QTNXsateVoWfjNxsBBW,jonathangraham67@mgcrew.com,Female,employee,3.0,001-879-632-3775x466,2022-12-20 09:05:34,2023-04-30 01:49:45
69,Joshua Campos,$2b$10$22KExc8hEzuk6rkxEq0BOO1JOtKjNFsIv3IvunfQFzrjnte7FxbOS,christopher1568@mgcrew.com,Others,employee,5.0,446-441-0572x358,2024-08-23 13:38:24,2024-08-30 18:53:22
70,Megan Schmidt,$2b$10$zUKvJZrWfRMmCWyiZ3nPcOA8T3neGD8PEH1crv9FPMFV2fUBFQj7.,sanchezregina69@mgcrew.com,Female,employee,3.0,(417)857-7015x39909,2023-02-25 22:46:07,2024-09-05 09:14:11
71,Kenneth Lin,$2b$10$z/bHrsgVy32wLVYpHqlijOeEOJmhbzW184WWdohmJakk8iLK4M6am,thomasrose70@mgcrew.com,Others,employee,3.0,+1-288-814-4071x2167,2023-05-09 21:06:57,2023-11-13 04:54:45
72,Ryan Scott,$2b$10$EBNzFX.qEOA1JAAoqeYdkOXcaHYYfI7t5BH77DB5CMGSBDDN2csW2,steelekenneth71@mgcrew.com,Male,employee,5.0,+1-274-595-0943x7964,2024-01-29 09:25:50,2024-01-31 20:47:23
73,Denise Ramirez,$2b$10$.RUEVeB0y3aCAXdQlCNL1eqLMrW6IcykOV1H3gioq9/sb52B.P5VW,schavez72@mgcrew.com,Male,employee,7.0,9055929164,2022-04-21 16:19:11,2022-08-21 03:06:11
74,Kevin Flores,$2b$10$jsDW/FhmLsnGB2XOrSvdg.5fNmyu9miYz0E6jxKT/ad2wKNwN2eay,kflores73@mgcrew.com,Male,employee,1.0,282-200-9179x7185,2022-07-11 16:57:12,2023-04-27 22:33:45
75,Kristina Fernandez,$2b$10$BYumE2MrOFvhOZBiMRNGTeRERKHTZ.iQemGZnEIsAQar.O8BLeGdW,roger1674@mgcrew.com,Female,employee,4.0,001-635-877-1363x607,2024-06-06 05:52:31,2024-07-12 11:11:18
76,Tammy Mayo,$2b$10$AX04Tx9KELmMBj6u47x3buDrfxhY5VHpKgR0t/ZUoq2J7QmWZPBRS,rebeccabruce75@mgcrew.com,Others,employee,4.0,671.315.6214x66078,2024-06-04 00:07:48,2024-10-06 04:57:03
77,Tina Herman,$2b$10$wPapH.1Virf2u9vcebwiv.kRJ6MpdVXIHnWigVsBLEG6A8FEJzRkC,tyler3176@mgcrew.com,Others,employee,1.0,(541)856-3782x5492,2022-12-09 05:10:21,2023-06-01 06:45:21
78,Kathryn Brown,$2b$10$.Ihp6aIx8bbkWDVjPyIr3OvN4EFaJAKZbv.8/mN6RbJb8GyzhfCIG,katherinebraun77@mgcrew.com,Female,employee,4.0,001-652-809-2124x209,2024-01-12 03:50:01,2024-08-28 07:15:56
79,Kathleen Richards,$2b$10$/8rJR9NlfwYcFVQ9apPjgOBB1uNphQgAymeP6kqSllIpwC9qxLVf6,christopher3478@mgcrew.com,Others,employee,2.0,+1-202-599-4441x1783,2023-02-12 02:23:17,2024-09-09 14:07:23
80,Adrian Benson,$2b$10$C7DE/iqWFlxF3i3lVe0FfOEvKgbpWLzRjkr9wzOFJvXvLpEq0UtHC,james8179@mgcrew.com,Others,employee,6.0,943.788.3678,2024-07-14 15:33:49,2024-09-30 18:20:22
81,Christina Keller,$2b$10$FGFHvM4G5vO05BLFLJGzdu2rZtdn5zDtYw0blE.6Dmis6K6mn4dgy,rubiobrian80@mgcrew.com,Female,employee,6.0,001-960-785-4927x016,2022-04-19 21:43:29,2024-02-05 08:39:03
82,Christopher Lucas MD,$2b$10$UDlSKhvqOvZernUz0680vO3YcMZVdAjkoCOQcDIs5zp8CUc8x2chC,markwalker81@mgcrew.com,Male,employee,1.0,(683)752-0680x04854,2024-04-16 08:58:46,2024-05-23 07:50:33
83,Ryan Mcclain,$2b$10$N9SQGSyW.jry4eZM7AyHUOctu7KaTqUngroIkfw38RkjLToovpBaC,leeanne82@mgcrew.com,Male,employee,3.0,502.533.1996,2023-08-09 10:49:11,2023-11-10 12:08:25
84,Julia Duffy,$2b$10$8brOxRBae61ESHbQATMfk.b99CmdN23fM0zGk63g2WJ1ZTswq8xjC,edwardburns83@mgcrew.com,Male,employee,2.0,800-637-7023x313,2024-09-05 01:26:01,2024-09-09 16:12:26
85,William Torres,$2b$10$HXnJJ3ETQQd97AV3w3fpBuyIn/FmMQFUA0tC/6UPQh3sRX8SRLr2O,whines84@mgcrew.com,Female,employee,6.0,278-234-3995x297,2023-05-27 00:43:49,2023-08-05 16:58:12
86,Linda Mcintosh,$2b$10$Ct5t1quTcvAUBA7n7k5u9.FjHP1oD3vAUURrFrQbcFmkh9RxRzriO,gibsonamanda85@mgcrew.com,Female,employee,5.0,756-812-8523,2023-06-13 03:37:05,2024-08-16 21:08:33
87,Colleen Shepherd,$2b$10$srnUbzY/QfY4yslRwb1L6OXw51JwrX4DTJsETMRCGxkv6TJA90.K2,michaelwatts86@mgcrew.com,Male,employee,6.0,3762819910,2024-01-16 14:09:48,2024-09-10 09:23:10
88,Kelly Walker,$2b$10$AiAk0fMwZzimsDjmj6cpae.E3cYQzI9ZCwFENbnCBrzUMHaDEL5iO,davischristopher87@mgcrew.com,Others,employee,6.0,4358031393,2024-05-10 10:51:16,2024-09-09 17:33:13
89,Steven Dorsey,$2b$10$1grymsRXEpmZLdiRojVdsese4IGE1t9bzAbNpW0h73tuFOXS1/kOm,pricesusan88@mgcrew.com,Male,employee,3.0,631.261.6176x046,2023-01-23 10:02:50,2023-10-28 19:19:21
90,Jeffrey Stevenson,$2b$10$hxX9ljDmton1AOnlNopafeWlp.IOv76epaEhjUcV6a7RE.FYYXfKK,peggyreed89@mgcrew.com,Female,employee,3.0,(841)914-3752x581,2022-07-13 16:26:20,2023-08-14 21:35:25
91,Michelle Brown,$2b$10$.YU27r6c/Ilrx3fW5up1tOrXoRz98elXfKQdxvZz//bO8ZxOxL34y,aalvarado90@mgcrew.com,Female,employee,6.0,3752740575,2023-12-11 03:07:06,2024-03-25 08:17:10
92,Anthony Rodriguez,$2b$10$9lt1OfP494LHGAW0Pm4aseT9jQgcPbiVgRzMeYvoT/8u6qBOQC96a,joseph2991@mgcrew.com,Others,employee,1.0,001-360-278-3615x660,2023-06-18 23:00:30,2023-08-24 08:43:44
93,Mr. Andrew Hardy,$2b$10$lc77.X2sZ.rQCKljWzP7u.bG4cFgepFwMEWuiZp6CKcrJMG7GZftq,james6692@mgcrew.com,Male,employee,4.0,(452)993-3589,2024-02-29 04:06:12,2024-07-12 12:56:47
94,Gabrielle Robinson,$2b$10$5SfNijqNu7hFnn0RxVSe/O8/1ZgiJqL4zCjnrK5.vnSvvACDg6hnS,mccarthytammy93@mgcrew.com,Male,employee,1.0,767.993.8451x818,2022-11-20 19:47:01,2023-08-01 23:30:36
95,Ashley Dominguez,$2b$10$z.48AN5sUSDYwZW60qnZyu7RQX14foZytGEMHD/K6zGd.vAaAMmQe,umurphy94@mgcrew.com,Others,employee,8.0,859.939.6056x27116,2024-03-29 14:28:53,2024-06-26 21:24:43
96,Laura Moore,$2b$10$E.rf6.3w8rDW5NKGK7cz1uH.azJINO0wywRuPh9V4Tqzlpt/AFRyy,davismelissa95@mgcrew.com,Male,employee,4.0,9743838700,2023-12-18 03:18:21,2024-02-29 19:36:32
97,Sean Wright,$2b$10$RHh.Z00TR2FIKtk0xuW8XOI/eAHJcEBLGa4DpYks6SI77/IyBne.S,qperry96@mgcrew.com,Female,employee,7.0,843-458-9830x5729,2022-08-21 20:26:10,2024-02-08 00:29:04
98,Mrs. Cindy Rodriguez,$2b$10$kWFfvAV5EQmmzbfokFgPouScUMTdBLlh.4uH.491h/TLcSG3/0rl2,zjohnson97@mgcrew.com,Male,employee,6.0,(627)923-1920,2024-07-11 21:30:31,2024-07-21 05:11:55
99,Collin Williams,$2b$10$4i/eKEaWQ0Ffr8zuk9ZHTeE4nWk4NOaa7vFPmqMuYuU3URP5ENsmu,sherijones98@mgcrew.com,Female,employee,1.0,001-772-572-4420x178,2023-07-27 08:10:21,2023-11-20 18:37:10
100,Maria Harper,$2b$10$ohKcD2IsR2YF6MoSD.9jMO8FzutNrKjctUTwVvvU8FeTf8nDWeTeu,cummingscarl99@mgcrew.com,Others,employee,3.0,9605196099,2022-04-12 10:38:05,2023-12-14 10:44:08
101,Lucas Mcneil,$2b$10$VOyKFRBm5mbXQxoQMjV.j.DImYRYw2ypEQ34cvWSnfRzXFM549kAq,stephenacevedo100@mgcrew.com,Female,employee,2.0,(457)570-1127,2024-04-22 00:10:41,2024-10-06 07:45:54
102,Amanda Walker,$2b$10$tjEiqEwWURNsrK4XRwtPeOodHD29YWPVMqKZVmcWFyCJQqWuFGx4C,jessicamoore101@mgcrew.com,Female,employee,1.0,001-823-742-1162x896,2024-10-01 22:10:38,2024-10-03 23:43:32
103,Sheila Olson,$2b$10$0Om2201H22302w89SYSCZOjcN62MQ6TSfosfPV.EwpJSiBiXzLkaW,franciskrista102@mgcrew.com,Others,employee,6.0,278.527.9505x23019,2023-04-19 02:37:15,2023-11-11 07:31:32
104,Yesenia Jordan,$2b$10$hJpoqy0Gd4DscAbAXnF2iuLamjvFBLCIPno2JxmgRgwrAVFxfBqli,chunt103@mgcrew.com,Male,employee,5.0,815-423-9351,2022-05-27 03:53:11,2023-03-16 10:55:29
105,Paige Rice,$2b$10$aGzLO8L/U5QE8zgWjhW2VOqiUyX6KSohkLFTYyEMcVjmeLtJ68jUK,hicksjacqueline104@mgcrew.com,Others,employee,4.0,965-993-6568,2023-08-13 21:46:40,2024-07-27 14:26:23
106,Mary Willis,$2b$10$n5nwR6notGEnx5pSFhvIwuaQQ0IzmzKuLbFNilk6vLELipcCknaQS,robertmacdonald105@mgcrew.com,Male,employee,5.0,6789989145,2023-01-21 19:51:13,2023-07-24 22:19:44
107,Desiree Ray,$2b$10$wYzFSrSBnv0WaGEYk24DjutmCyoff3f9t2sdTfHSBm/6MOrAWMvUu,ariaskelly106@mgcrew.com,Others,employee,3.0,670.582.9530x6266,2024-05-30 11:48:32,2024-07-03 04:35:37
108,Mary Smith,$2b$10$KfeRmcTSIPnYvWG.d/S0BeYh/ky0FpBz6BOvTQKM9GPZVI9FUj6sq,jose92107@mgcrew.com,Female,employee,2.0,853.988.0100x66164,2023-08-31 22:02:13,2023-09-21 23:28:33
109,Kristin Mejia,$2b$10$HK9P2tl1f/MCtw/UhgJl7OGmmgWAHKoL5TKhYkxuXvDQDbwlS9WpO,qsilva108@mgcrew.com,Others,employee,5.0,670.664.7822x7042,2024-05-18 21:31:26,2024-06-01 12:08:09
110,James Miller,$2b$10$RkfsgQ1K9XP0/grmdiSu0.VMkWchS6soeg7GARyLuMiMXdMRfnfdu,laurahoward109@mgcrew.com,Female,employee,5.0,682-341-1484,2023-07-01 22:53:56,2024-02-23 10:45:16
111,Jason Dixon,$2b$10$ykFk5funfE50Q6xk9UXqweyogSLLLdMShR.a.gkp.WF/niDfwDLVO,bpennington110@mgcrew.com,Female,employee,6.0,(460)842-9267,2023-01-03 21:07:50,2023-03-14 17:44:41
112,Kelsey Stokes,$2b$10$7qTnQQ3JAgJL7cCYAGgZdeXJmFsOTIZkNnc8j8xxEfNebi7zhNkwG,kristy60111@mgcrew.com,Female,employee,1.0,920.248.0121,2023-01-24 18:39:23,2023-12-07 11:39:22
113,Samuel Hoffman,$2b$10$AfmpUS3ZpdVz7hWwAA9L0ORqp6knkvQle9c5Sn8g2FVKGm2G674Gq,pittmancatherine112@mgcrew.com,Male,employee,6.0,450.549.8324x444,2024-04-17 08:51:00,2024-06-07 05:40:13
114,Heidi Garcia,$2b$10$uSEc2w2Waoh0G1otwtHOoeVavdhnDoMz8RdDZCAZ3yuVGArIeZZq2,shannon58113@mgcrew.com,Female,employee,8.0,(435)900-6531,2023-06-14 03:36:47,2023-09-11 23:02:11
115,Andrea Price,$2b$10$geHL4xlAEBTUEEyGnqxXxOYMENZHjCY8g334RP3pjb941M0roM0CK,gina49114@mgcrew.com,Female,employee,4.0,+1-615-640-8427,2022-12-24 12:38:08,2023-12-04 19:58:22
116,Jamie Steele,$2b$10$fF9UcF5avyb2.SnheVdp7uMUZOj85HgPEM5ExmD9/cfVEH6sHbnw6,nguyenbrianna115@mgcrew.com,Female,employee,8.0,876-242-8280x76370,2024-07-29 20:14:47,2024-10-01 23:36:30
117,Peter Holder,$2b$10$VQd.PBTP5GU.xqhXBjixV.7xPbJegzWngHyaHYlwhmloY0ZnM2z9m,baueramy116@mgcrew.com,Others,employee,3.0,214.316.3659x446,2023-08-11 11:34:01,2024-07-19 17:21:23
118,Elizabeth Watson,$2b$10$BDE9Zagn2paZdto0v3uZZOqD1l1POhqJxuLzBkwoxLzDIXdkD6One,ericbrown117@mgcrew.com,Female,employee,5.0,001-950-304-1449x330,2023-12-05 14:42:49,2024-03-20 11:14:01
119,Vanessa Ferrell,$2b$10$YJ6I/DbIWUT8jsv28.deSeY9K8UC1e22UIjT/LPJUFDy/8o1in5Gy,jsmith118@mgcrew.com,Others,employee,6.0,266-440-8630x4223,2022-08-01 06:27:04,2023-10-31 21:36:29
120,Carl Williams,$2b$10$CP7LBXs4bw4yr20WqxwrvOLKjUJUf0E6zEjpeMWxtUcSeLA9pYo9S,kayla33119@mgcrew.com,Others,employee,4.0,7479594185,2023-04-30 14:59:00,2024-03-01 08:07:59
121,Billy Mcbride,$2b$10$nvdv58bW5ywIpjES6CdYv.8wsKyQO2aBi3dIrj0Rj2bH9PhkTMRi6,ymoore120@mgcrew.com,Female,employee,6.0,(253)891-3094,2024-10-05 10:49:19,2024-10-06 16:24:54
122,Timothy Conley,$2b$10$/LOZR5psGNLsV5fjd0cRCerQHiWoZ6xfvr/RYgOI9Afv6bE7zAMwC,jon84121@mgcrew.com,Female,employee,1.0,598-635-6488x3321,2023-01-19 15:58:00,2024-02-28 21:25:18
123,Casey Bird,$2b$10$CIA.UfX12EQF4CVfut8AIOIAm5.74XWy3u0aR3OffBFXdKAntNQa.,harveyjennifer122@mgcrew.com,Female,employee,7.0,812-939-1016,2022-09-12 17:44:51,2022-10-24 11:57:19
124,Brandon Thompson,$2b$10$wst0mhwSgPE6.ZYcqtxX/.hTNaJQ85ytFi4euzX2ouEvY7MN7kGEW,srichardson123@mgcrew.com,Female,employee,3.0,(409)802-5587x046,2023-06-11 21:12:30,2024-04-17 10:38:12
125,John Humphrey,$2b$10$c.IrR4.maTh4ML3g7RWdx.Q1sZDg5cBUAhsuiFH0BD1j5JwgRFIyq,rachel73124@mgcrew.com,Male,employee,2.0,+1-670-761-7329x381,2023-02-04 04:40:42,2024-03-01 19:56:46
126,Joshua Sosa,$2b$10$BoxuERCyJeSnb15lDCV2dugJwApfOkCemlnYltpcbXuDRpGBleoXm,paul90125@mgcrew.com,Male,employee,4.0,+1-990-211-9564x0989,2022-06-06 04:30:22,2023-03-11 13:05:27
127,Marissa Huang,$2b$10$gdyI8tEMdeebQULa9Xm.AeFPYvoWTGbN2d8vx4Fvt/2DSjhJl.lhO,jonathanjohnson126@mgcrew.com,Male,employee,6.0,296-757-8837x597,2023-01-09 01:10:46,2023-11-29 02:36:24
128,James Webb,$2b$10$RH0qQuKdjWDs5o.BvP5nZev01CqlDoOO3YDMNaunuWQundeQvHXha,alex94127@mgcrew.com,Others,employee,8.0,456.331.3692x84395,2023-06-14 17:12:39,2024-03-30 21:03:20
129,Stephanie Ruiz,$2b$10$tMRa4Vn/3Z0tAzlx5vdIZeBUxOfdLGYHqleTKhDq4nM5YfVGnGmQ2,ericfrancis128@mgcrew.com,Female,employee,8.0,810-494-5389x1872,2022-08-20 03:38:36,2022-09-04 14:58:13
130,Robert Pearson,$2b$10$KnCX/XECSyeHYu1vtjXU7O9OtEjzITExH3i9N0IGt2qubn5S7WMhW,townsendrobert129@mgcrew.com,Male,employee,6.0,560-951-2217x32519,2023-08-15 06:16:38,2024-04-13 10:56:29
131,Debra Tyler,$2b$10$guXC2NfKgu/PnOheVHQes.P.TY7TIdu4SmYVxCKaQN7GdHrzn96PS,ocoleman130@mgcrew.com,Male,employee,3.0,(560)331-9630,2023-02-05 01:30:47,2023-08-07 07:37:18
132,Laurie Jimenez,$2b$10$Dd1XmRrNwcolV3o8PhdmM.oQvyFZnrNjSgIx5biLoeXIq91IMt2Au,iyang131@mgcrew.com,Others,employee,2.0,7874314510,2023-03-13 05:38:29,2024-09-10 01:37:34
133,Brittney Bates,$2b$10$bKSCfXgLisypoZy7XeVPFuUyYSUdtAToU4DhbWM/5/caaeubVMkLm,xliu132@mgcrew.com,Male,employee,3.0,001-244-899-4511x837,2023-01-24 20:21:34,2024-05-17 09:56:41
134,Patricia Gill,$2b$10$5E9RwNT93PO2a3nX/C5..eYTnczwpbAZHoeUTVI/zwAmVCXlqxUMO,traciweaver133@mgcrew.com,Others,employee,4.0,533-827-1642x657,2023-01-20 03:26:26,2023-05-15 10:47:21
135,Mrs. Annette Hamilton,$2b$10$TtbnO2oQBA8QhXohwUW3uuaSJi/XihpK2Oyw5Wcu3yL078f7CbZEu,jhernandez134@mgcrew.com,Male,employee,6.0,886-403-6680x39851,2022-12-29 20:19:40,2023-05-17 16:39:35
136,Danny Garcia,$2b$10$k//TJjcgJ5MNtmkR3eWkNeSaECTLL3GqK6ROyNlivyi4Mnwilp7o.,anthonynewman135@mgcrew.com,Male,employee,5.0,438-766-8360x04645,2023-01-03 14:09:42,2024-04-24 22:18:05
137,Robert Fleming,$2b$10$1W.eOMJz/D/llNobOZ7m1emmNpLHfDN/eDr89wBbVGsFAm/Lpx1a2,jefferykennedy136@mgcrew.com,Others,employee,2.0,929.556.9569x47155,2024-03-06 23:47:25,2024-08-22 08:01:17
138,Erica Cook,$2b$10$rz0nIxbthhgoXg2reguq3e5eCGrQaTZVdvz2/F2SXakxBeD95tFCO,chelsea54137@mgcrew.com,Others,employee,7.0,+1-376-303-9236,2024-07-22 18:50:12,2024-08-24 14:05:33
139,Angel Sloan,$2b$10$.SB/F2qs3ak2HLjbJ.JrdOwIluhcRiyFOIOVdcw8cvaKv4QUwXcmW,varnold138@mgcrew.com,Female,employee,6.0,(639)703-7553x0792,2022-11-20 12:35:53,2024-08-05 16:34:09
140,Ashlee Gilmore,$2b$10$rELVTKhxI39kh6f4Cc8t0OaIZE59xhS6rYRYPy4/AjOeDinsuTPDW,nsantiago139@mgcrew.com,Female,employee,5.0,599.392.4140x8529,2024-08-21 20:56:09,2024-09-24 00:33:04
141,Holly George,$2b$10$uXC2qRjZnKTfqosBsmC58OAjDRkaZDCTLIlsdhI6DTWdvd3C0CjAy,rebeccajones140@mgcrew.com,Female,employee,6.0,474.935.8742,2023-11-16 15:34:31,2024-06-28 23:51:31
142,Jill Hamilton,$2b$10$7JCfgDKn7BPDi1jum6vXXeWuRlmr7fUlxu1RMxKfLleDsVVWquGSG,cholland141@mgcrew.com,Female,employee,5.0,001-566-314-0787x910,2024-01-26 05:01:32,2024-01-29 21:03:24
143,Linda James,$2b$10$b81u/1739dEHqpapx2h4g.IcE.BmrtzLmZVLWo9zzXf7miIWeQvk6,jeffreyduncan142@mgcrew.com,Others,employee,3.0,362.982.0005,2022-04-12 15:35:04,2023-03-02 10:56:25
144,Michael Mclean,$2b$10$Ydl.aetVIICzInIyBw1FhOcctSBWo7A9N8N9emAe4snsXYTARfbnC,xcampbell143@mgcrew.com,Others,employee,2.0,373.824.2712x029,2024-10-01 04:16:05,2024-10-04 04:03:53
145,Christopher David,$2b$10$Zt/js/sPPWpMUnkWBegryuk58ril/3GgAVFeSYIIdI5XghySBiQuO,ksingleton144@mgcrew.com,Others,employee,2.0,(422)465-0633x130,2023-09-28 23:37:33,2024-01-01 09:08:10
146,Alexander Craig,$2b$10$O8CiS1PvYMVBrL9HJLYu6.psgAS58eU12QfgcvrZSM5XdZ8vIjGmu,trevorbryant145@mgcrew.com,Others,employee,3.0,507.208.7239x7608,2023-12-22 21:33:54,2024-03-02 13:55:35
147,Stephen Campbell,$2b$10$LvM5lZ9zn8Ep0sZcj7hkvuvRoTaggNTL0..2Y8xCiXmbjlkqgnkTi,lisa19146@mgcrew.com,Male,employee,7.0,001-211-936-7148x960,2023-02-10 19:11:16,2024-09-24 15:44:54
148,Terri Adkins,$2b$10$9Qrl2vlVPvzwIOhvtpfjBeLjMAUjaQ3CCX6LKbRUVoTAam7gpn2MW,cherylriggs147@mgcrew.com,Others,employee,2.0,+1-935-264-7599x8453,2023-10-25 03:35:26,2024-09-29 19:19:17
149,Juan Khan,$2b$10$NtzjqvsyI6Ma//JB1OBmEO.Jgt8Ba879WIC.3DCXFge6G9729e.wa,katherineperez148@mgcrew.com,Female,employee,7.0,(391)535-8835,2023-08-06 12:35:59,2024-08-23 08:17:10
150,David Briggs DDS,$2b$10$gCW7JdDLu95w4ghUSFfZ/.9BNDAa.fQIwuYQzjyLue8LqfdEx1ts6,sophia35149@mgcrew.com,Others,employee,3.0,331.763.9025x1129,2022-08-31 15:28:54,2022-10-01 16:45:23
151,Laura Dillon,$2b$10$UhwOlg4bi3nz6lvywDRwEOrC/McaxmUyd.y0WCoQ.BzcR2hNma89W,daniel17150@mgcrew.com,Female,employee,6.0,632-671-1529x1338,2023-09-22 19:36:08,2024-02-06 06:26:21
152,Andrew Mccullough,$2b$10$BjadzkUGsNiG/qugJ01eu.wVaNJV.kRdc54FlKMWHF/ZmVqTsUKOK,charlessmith151@mgcrew.com,Male,employee,7.0,308-937-6713,2023-07-15 20:48:27,2024-07-20 02:46:38
153,Zachary Johnson,$2b$10$EEckC/FhU4wgWgzeQ2miN.PQmH9U00hO/XY19MHm1bYnyhUah9uMy,jessica33152@mgcrew.com,Female,employee,8.0,(993)766-2336x28619,2024-03-30 00:50:30,2024-04-28 15:35:43
154,Lindsey Patrick,$2b$10$3uVbqVUmX2ElBPcgnaTx/.leauE8oQLgPX5Ss/aV36QrYctu4D5Su,smithkrystal153@mgcrew.com,Female,employee,4.0,+1-656-829-8804x4279,2022-09-09 06:02:15,2023-08-04 09:31:09
155,Shawn Powers,$2b$10$WE9RH1g974GmqnHTYS689OgRM2r2r/f6y/RSi.ZGAv4K4iQPDTTvC,stefanieschaefer154@mgcrew.com,Male,employee,8.0,311.851.4380x4856,2024-03-14 03:56:10,2024-03-21 10:19:52
156,Brenda Cohen,$2b$10$X5C55e1joQeqMHx3huSzCev1.6ynnwIYpPTS38CDV85PLs90gsPBO,karendurham155@mgcrew.com,Others,employee,3.0,488-544-2889,2022-11-22 19:49:44,2024-03-26 18:46:18
157,David White,$2b$10$hc6uIEX4mikCgzKbvntcAOnivzfFPlmFIEjpfAr6j.7ReoOJ590ne,williamjenkins156@mgcrew.com,Female,employee,5.0,+1-874-246-3997x464,2022-10-26 23:09:16,2023-03-04 01:48:56
158,Brian Williams,$2b$10$HqQViKy78apkJ1ry1PryAuf7QNimejSKO8sV.tpAvGKYE1RFZF6zy,bryan94157@mgcrew.com,Others,employee,2.0,4895562425,2023-11-23 17:13:18,2024-06-14 02:31:38
159,Emily Price,$2b$10$x2lypdK9RgGHIMksgK9f5.h4d7kNgJXI.m.6p4VKsbOZHCpTI9QKe,jamie61158@mgcrew.com,Male,employee,3.0,(852)404-2433,2023-10-19 20:54:08,2024-01-23 02:13:37
160,Brian Wheeler,$2b$10$wlfoshoCtgiZwPmIpKlOYe.ghtMEloc1gUkCCTREUNOoI5/Z/4azS,gutierrezjames159@mgcrew.com,Male,employee,5.0,925-529-8293x352,2022-06-26 07:06:10,2024-05-03 23:01:28
161,Barbara Franklin,$2b$10$QHtxGX2xUMYb3pheINx4EO0ek02vBjybjzEUcy3x1MDXDE87x6uxm,jamesscott160@mgcrew.com,Others,employee,2.0,(398)327-9915,2024-07-02 12:17:49,2024-08-16 17:33:19
162,Shelby Miller,$2b$10$hNhj/3aAmLVWl8NO9jLwzeT.ZbX0xsU69hDDa.6yN4Lnvi4sblZsa,ehunter161@mgcrew.com,Others,employee,2.0,4886265069,2024-07-18 22:26:08,2024-09-07 14:13:00
163,Alicia Ray,$2b$10$5I6uQ6qYAFL4ozFkHj/ekuUnh5S0.ysB0sm4rLlyQibwKY/2CwaMK,flynnpamela162@mgcrew.com,Others,employee,6.0,+1-943-306-0144x154,2022-09-03 10:44:19,2024-06-27 02:39:00
164,Corey Taylor,$2b$10$oLgUs0hcPDQcQFyBuRfPh.BMARBiHjCYZo7VRrUmdTFDpb8KjYQFC,osantana163@mgcrew.com,Male,employee,6.0,001-536-698-1276x010,2022-06-04 11:44:19,2023-09-16 21:08:51
165,Dana Bailey,$2b$10$CcwjPE2iNi/ctjcvNhu4j.CGVC0PtKbHNFBEVZ5UIvd9O3ZXyJEWi,susancain164@mgcrew.com,Others,employee,3.0,322.727.2427x66010,2022-12-09 20:18:04,2024-02-28 08:59:29
166,Ricardo Garcia,$2b$10$o3nhrEF22cV4rzwWoe4elu8pDg3EV4c1womZOj6sSoRNcrhgIcZb2,diane10165@mgcrew.com,Others,employee,7.0,235.947.1100,2022-06-12 09:04:11,2022-07-05 05:12:39
167,Cynthia Schmitt,$2b$10$Dj3XFW6CrdRBJXoE34xJnOeBAozNBKUNf9O6vCWOd0iz1k9x5DXbW,timothy60166@mgcrew.com,Male,employee,8.0,(634)947-2815x503,2023-05-06 02:01:35,2023-07-05 18:40:11
168,Joseph Bryant,$2b$10$qltBC4.4ZI9RXvl14hn9RurAfdqS70xoJ8J30PBQoA/6JOG.kEj9i,aanderson167@mgcrew.com,Others,employee,5.0,001-265-417-6997x923,2023-06-24 09:14:24,2023-11-20 03:43:13
169,Daniel Rowe,$2b$10$eZ5skqGNoGDoXjzluS2sEeBLjDJUuUSq.6GAzDiEXpwcMFjfwCk8u,paula30168@mgcrew.com,Others,employee,5.0,384.633.9910,2024-03-11 18:53:44,2024-07-19 06:10:37
170,Dr. Daniel Fowler MD,$2b$10$HJxCZ0s7FzjR2w1yei4Ah.ONeZJA8I4/NO62i5taeOWb.SwDzTexC,kharris169@mgcrew.com,Female,employee,6.0,(216)722-7103x641,2024-09-10 23:52:53,2024-09-11 23:43:59
171,Anthony Cooper,$2b$10$LJYEoI3b78JZra8UJdW3/u8bwsuCgea/mEJ5PLCK1dono4cPiQu/G,hvalentine170@mgcrew.com,Female,employee,7.0,816-702-6241x3360,2023-05-30 06:41:01,2024-03-13 00:37:39
172,Anthony Fisher,$2b$10$ERkkelUqfKYzSJIULGHun.QpD7piDqsh3wAROjUPbjzgu.4z61.MG,dawsonbryan171@mgcrew.com,Female,employee,1.0,929.369.0870,2024-08-24 01:26:30,2024-09-08 09:21:13
173,Paula Mcdaniel,$2b$10$yYKJONIyEkx1ODiLzgcNKeTzchKZkuQBX/HFORNskWfsLQ59IaYBO,crodriguez172@mgcrew.com,Others,employee,1.0,777-769-0642,2024-08-31 10:29:56,2024-09-01 01:59:57
174,Kaitlyn Bryant,$2b$10$8Qsejx60o.ZbfhCibrZxquKhhIWxy3Iumf30RyyrMy9gf0gcieoJO,zgreen173@mgcrew.com,Female,employee,3.0,704.520.6772,2024-03-14 04:55:38,2024-07-13 09:40:22
175,Dustin Wilkinson,$2b$10$ZUHesBD0esy5HdlKWtrmCeiNXbCCw5Iw7bmbcCoX//RylzOGQuUey,pauljones174@mgcrew.com,Female,employee,4.0,001-409-865-4070,2022-04-23 17:52:58,2022-10-24 17:27:08
176,Nancy Brady,$2b$10$kXepYtGfoFYfo4SeGMumCud8sEHHjEQ4yk.UlXioZufR712gApKUy,kevin84175@mgcrew.com,Female,employee,4.0,424-313-3167x534,2022-09-17 01:59:35,2023-04-30 22:08:49
177,Mark Sanford,$2b$10$39b1sEvKohVMor3WpwZpyuq391/arWUoHSsxKeVerZNpuBLrDwXQy,richardsonrichard176@mgcrew.com,Female,employee,7.0,(812)365-6260,2024-04-01 18:09:53,2024-04-17 06:32:51
178,Bryan Rice,$2b$10$YVIT3FJwgfDqzGvgCZ2XsuiEAKCqETE7U7hOa1Ez851GvWbzjzYBW,chadbutler177@mgcrew.com,Male,employee,4.0,650-237-6944,2023-07-14 21:02:36,2024-01-13 03:40:29
179,Carolyn Taylor,$2b$10$8K0Ih9N.c/a7rloialIPCuyN3R3BY0xrRZ7GyjeLx4ciEixIcBRAi,james00178@mgcrew.com,Female,employee,8.0,001-969-851-4546x319,2024-02-05 00:00:11,2024-07-04 20:16:34
180,Vincent Sullivan,$2b$10$Jz.InFI8DuvykNFixmDxfO.Y2W4jfGzuN/cV53KVPpjYV14cQkFAS,brenda12179@mgcrew.com,Others,employee,3.0,617.912.6573x639,2023-05-15 17:10:03,2024-08-20 00:05:42
181,Rebecca Cross,$2b$10$CqGLpshEyYcc4DcU2zhnruKsbplW2gaFsCuP0y6/xTfzTBjfp9i6i,stephanie15180@mgcrew.com,Male,employee,6.0,370.240.9646x553,2022-12-28 14:40:11,2024-09-20 17:56:44
182,Adam Carlson,$2b$10$BdjxhS08luUm7CH9T8P9qu8KvnW91kiC0BdZS.VScE3yFbD0Xj.tO,wstewart181@mgcrew.com,Female,employee,6.0,(860)395-6363x116,2022-05-21 05:26:56,2023-03-02 21:01:48
183,Michael Reyes,$2b$10$KXeLscEvR.mcsxBkUWW1WOsWR.1YuD1QEBLpBC.7zgEzf0ONS6YeG,cervantesallison182@mgcrew.com,Male,employee,6.0,001-952-500-6153x400,2022-10-27 10:47:46,2024-02-26 20:38:03
184,Mathew Lowe,$2b$10$Xg7R22htUNykKjTlfGUZ0OzOcQScP9e7zD/tP9NnNlk0PfTvwhSza,hollyroach183@mgcrew.com,Others,employee,3.0,459.468.8194,2023-04-24 14:32:00,2024-01-16 03:21:03
185,Elizabeth Chapman,$2b$10$U5jF.EOESRecaMnBKS0AN.saHcp6Ac1oKpoINcu8Dd4DwKmux44F2,carterashley184@mgcrew.com,Others,employee,7.0,(967)572-7656x234,2024-01-28 22:59:37,2024-05-09 04:51:14
186,Alexa Scott,$2b$10$S6jgGL/Yf0MnWt3qz.VueOZ/enB6qDT6y/abJVjxo/lLRYeOXvWqy,kbecker185@mgcrew.com,Others,employee,6.0,325.560.0008x195,2022-10-08 16:58:24,2023-02-11 02:00:30
187,Sara Robinson,$2b$10$AaX/HIx..R5egO0qYfFZiOT7WH5rBft7g/.y2IDIY7eIkfIrUfHtS,scott76186@mgcrew.com,Others,employee,7.0,8196749545,2022-06-26 22:14:33,2024-05-20 04:32:07
188,Jay Gonzalez,$2b$10$J3GEN7J5hJPixM63hsR6V.mKtLGC8N.T5s3ZkJWGiN/VvqQp.SC3G,joseclark187@mgcrew.com,Female,employee,7.0,204.478.2003x4305,2023-12-08 02:29:14,2024-09-01 19:07:34
189,Stacey Burch,$2b$10$YrYZEE9a0MbKpm5bYM6m5uYOZuaabJEhAza2hjdFLL.UuiPWYLoBW,sarahallen188@mgcrew.com,Male,employee,8.0,(980)711-8710x86019,2024-05-07 23:22:52,2024-09-08 20:02:32
190,Christopher Underwood,$2b$10$77tkccuAT7FMPkOHkswl3eqAoT45k5uduOqZXfpCSfDzN66z.b2lq,bnichols189@mgcrew.com,Others,employee,4.0,+1-614-660-3905x6753,2024-08-27 09:06:31,2024-09-03 05:08:50
191,Rebecca Newman,$2b$10$yxFImtZhK9jiJeqR3TRVyuqSN6swSdTWS2d4Nl5bDwmf4e1O/6zn2,shawn69190@mgcrew.com,Female,employee,1.0,532.836.6000,2022-05-19 14:46:05,2024-02-19 17:40:06
192,Kevin Meyers,$2b$10$t7bwTYVwWhS8jqh3u1k90umBxCQ5eB1boyYrUZFckXctkCy5N./Oy,stephensbenjamin191@mgcrew.com,Others,employee,2.0,+1-948-646-2868x5930,2024-09-18 15:15:47,2024-09-25 09:10:12
193,Alyssa White,$2b$10$/2ChsC3xdbKJbYnBTCr03eNs8gk1p0wCNnEgDGCL/ak0q1Ffv1sl2,unelson192@mgcrew.com,Male,employee,7.0,(486)716-1997x67007,2023-01-28 03:41:36,2023-09-25 18:06:54
194,Jeffery Washington,$2b$10$Wo2KaJyt3/8dnN1Sc.lRDeIRY0U6jDQmyrjcOxJEBNklx8s31M7Oa,joshuajohnson193@mgcrew.com,Male,employee,5.0,+1-441-791-9284x188,2022-09-03 00:11:51,2022-12-01 06:06:06
195,Whitney Harris,$2b$10$JMtXxNPAFn7iW1mFy/Id/.g14mqRCmw6wwx9iZEup9RQleHQlZbXS,norma74194@mgcrew.com,Others,employee,3.0,933.861.3490x212,2024-09-21 20:28:53,2024-10-01 02:27:40
196,Douglas Gutierrez,$2b$10$iglZ4CxYHWjNlh.04IJXmO5Rh83C4NKJKZT1e8fMrXn5.eth.O8FG,vanessa18195@mgcrew.com,Male,employee,7.0,468.827.0312x1683,2022-09-16 21:04:35,2022-10-07 01:00:29
197,Wayne Villarreal,$2b$10$wp8WoybJSxKCTH0oPfd//uzY7mWQsCABrAWOTEw.qWbpsjDuFMR52,jeffrey30196@mgcrew.com,Male,employee,3.0,503-449-5951,2022-05-26 07:56:35,2023-05-05 12:34:02
198,Louis Chan,$2b$10$G.vS1dYNyfuL.0dsJ6BxY.2z/cOmfcNrUvE9NeJ/YzXR1YeIRv.42,martinabigail197@mgcrew.com,Male,employee,6.0,314.342.1709x43070,2023-10-20 05:58:18,2024-10-03 06:34:09
199,Bryan Payne,$2b$10$Ec7k/2xW/JsR2p7giu./nuzU25SBT215T3dUG3j5Pvyyvqbvbs4vS,lmoses198@mgcrew.com,Male,employee,4.0,(399)652-0827x08303,2023-06-02 01:55:50,2024-02-18 19:25:34
200,Debbie Scott,$2b$10$MoeX8yD/IdfDyXdn64DcWOIXWBOMe6IZi8McRDtUMU4fYqRevhase,mhardy199@mgcrew.com,Others,employee,1.0,4867133651,2024-02-02 00:44:40,2024-06-07 12:34:04
201,Phillip Smith,$2b$10$30VlDqZeimeDEHI2Eomsm.Wt0eLjFmNTtII6ZAEZjNV13xnH2iusO,wriley200@mgcrew.com,Others,employee,2.0,629.920.3832,2023-10-04 16:04:11,2024-10-03 13:55:01
202,Mrs. Holly Bell,$2b$10$t0a0jmj6K9AuWahRt72.bO/lX8dL5SJcDV0CLvQbloA3JO3R1c.s6,sellersmiguel201@mgcrew.com,Others,employee,2.0,415.778.6547,2023-02-02 19:18:36,2023-05-16 12:50:24
203,Victoria Lewis,$2b$10$Jz3EagMCPY0bkS.L6/00l.c0.2nmYBC6Q.RmTS/VodOOgHOeA114K,nguyenkirk202@mgcrew.com,Others,employee,4.0,486-754-8704,2024-04-04 10:20:48,2024-07-28 16:09:13
204,Rhonda Crawford,$2b$10$No5l2tvwvOMDaDRTYW45uuiXdzlI4lQOQ46asnhGHJv4wQTd5Ni9W,matthew97203@mgcrew.com,Others,employee,6.0,2845650238,2023-04-09 10:46:34,2024-05-26 08:24:12
205,Mr. James Lawson Jr.,$2b$10$TLFH2Y5h6qUz7aYjay8/U.XQk4XKqcQ5ft9w2fqBhmpbsdcn0j6BC,robertgraham204@mgcrew.com,Female,employee,4.0,8054884713,2023-07-11 17:47:14,2023-11-28 09:51:19
206,Joseph Lewis,$2b$10$wpPaucdqyds9Yf4lIufwBuRFzBufJCNuLu6rpub0RTz51Lhl0WaWq,nreyes205@mgcrew.com,Male,employee,3.0,816.635.1488x89443,2022-06-17 14:15:58,2024-08-30 12:49:23
207,Lindsay Gross,$2b$10$Q4nFI4gCMPvC4oBwDb702eUxUGczEdN8u3V516g.Olwr0Kr9c6hVW,drichard206@mgcrew.com,Male,employee,7.0,(782)742-0774x87550,2023-03-03 08:23:21,2023-04-25 04:37:22
208,Amanda Rodriguez,$2b$10$FUcOM9CinZHgcHyN/aGOW.IKKOLHuT7nudQJuFSncad3lxJ9l4qCm,john24207@mgcrew.com,Male,employee,2.0,(863)991-6756x36026,2022-06-06 09:51:56,2024-08-24 23:54:40
209,Nicole Gallagher,$2b$10$QRxS6VLdQOOi3ELP9FnuO.17tlDNhkQJoEhvIw5g4sIXNtZ3W8p9G,imartinez208@mgcrew.com,Male,employee,2.0,001-614-805-4564,2023-02-08 00:42:35,2023-05-16 09:12:37
210,Terry Evans,$2b$10$ac5lmQPjEtCaKG9WFpLFSuJaUvKLCYQYjw0Kj.pFgyPPoRKeqQjzW,gregorysantos209@mgcrew.com,Others,employee,5.0,966.754.9537x75721,2023-06-09 04:21:57,2024-09-23 06:58:53
211,Rebecca Brown,$2b$10$tu1Ult/cPvoLkh60fGQs9OMY7FolEzFv16EtkLPN83XD/LR04gXyW,ngriffith210@mgcrew.com,Others,employee,3.0,(307)559-9554,2024-09-18 17:08:36,2024-09-28 03:18:13
212,Kathy Davis,$2b$10$j/ewBuiOazkJ..3/uHX9UeuBxRBjWEM7XqG0jeZ2ZfN8HDJDjTaQe,parkeraaron211@mgcrew.com,Female,employee,7.0,2959848609,2024-01-19 05:49:26,2024-03-03 14:36:29
213,Andrew Fernandez,$2b$10$7N9y4.9PLon0yPdFLm1wB.8MaIzsVFOwiYv87hnoIZ6N.YKlpFfPK,bryanshannon212@mgcrew.com,Male,employee,8.0,(767)946-8627,2022-08-06 04:09:43,2024-07-13 17:06:39
214,Tyler Olsen,$2b$10$Y2/TJtkJ1xpdFSGcmOFMbucexKwW8RLPxzlu2R0XVnO0.5awoPw1m,zhenry213@mgcrew.com,Female,employee,4.0,234-567-1187x60549,2023-05-24 23:15:33,2023-09-30 21:33:58
215,Ellen Soto,$2b$10$hd0W0wlWnoK1s6Kstn4jh.hmuyYLHSo3dojqFQNDfsYfGN6k1dFYi,scottmaynard214@mgcrew.com,Others,employee,6.0,683.923.1283x368,2022-05-24 22:36:09,2024-07-18 12:47:10
216,Rebecca Diaz,$2b$10$mH/QtOCckkRk5IAkSGKOieb0aqxBzyRufifxtyb7Zz8Ieu3Pu0Obq,gallagherkenneth215@mgcrew.com,Others,employee,8.0,793-752-8859,2023-05-10 21:58:27,2024-06-10 21:18:45
217,Richard Parker,$2b$10$Od9OiZE7aeVdGYhNrJaV1OXHFRZJ4b/MyKEL8urE/bPl3Xjd4EBdC,waltonerica216@mgcrew.com,Male,employee,5.0,945.266.3341,2024-05-26 15:56:21,2024-08-11 21:21:13
218,Anthony Goodman,$2b$10$inAUmGnWz1383jMxe1AqS.2bYSvLMrZTFy/YqM3hWJKG5kEidohFi,steven18217@mgcrew.com,Male,employee,6.0,001-941-211-6421x932,2023-08-17 07:44:38,2023-09-07 05:59:02
219,Glen Owens,$2b$10$gCS8bBhwHh2VoeWAbX5mWedxBWXrMEws0w1WnNJcu.prE0YKAVcny,scottallison218@mgcrew.com,Male,employee,4.0,478-372-1033,2023-06-25 20:18:38,2023-11-01 17:53:05
220,Amanda Jones,$2b$10$.7fZNcmeDnWVTIl0sCRwbuhgdQOx/GJnWWP5sIm0z1r4783MVO8uO,jeremywilcox219@mgcrew.com,Male,employee,7.0,+1-412-565-9123x3288,2024-08-06 12:00:26,2024-08-06 23:25:59
221,Gloria Brown,$2b$10$RocBxKZhcpGLv8QF2rdgteEMzv8PM3hvnkAUXpxIlrHgsrihiZDmW,erika21220@mgcrew.com,Others,employee,7.0,265-774-8942,2023-09-24 03:47:16,2024-09-13 16:20:38
222,Carol Silva,$2b$10$nR81U.tUsyLbkwK9NWmyc.0nOUVIzACeFUKwiD1F4VO2dn2VwEsMa,jared48221@mgcrew.com,Male,employee,7.0,926-951-7918x623,2023-01-27 23:12:05,2023-12-04 02:03:16
223,Alexander Matthews,$2b$10$Ue/lhy832dV.dUBFHlCljuTI/wWBVUpSIbIpB4/ZmcyhVynRceV9e,tjones222@mgcrew.com,Female,employee,8.0,(282)209-4850x873,2022-08-10 17:56:31,2023-07-02 21:00:31
224,Olivia Ruiz,$2b$10$JTmBUB5UChhvKhhs5odFZO3.mJFMVkVJRsQ3rwHWTBcTOD5nF94Rm,collinsjaclyn223@mgcrew.com,Female,employee,7.0,521.459.1427,2023-03-21 15:01:01,2024-07-25 00:25:39
225,Tracy Rodriguez,$2b$10$hKSMEAnc.gNHE4nmo4GDW.oj6Ic4JSqlIWRR57AKKxC8ZzSWbPGMi,jerry14224@mgcrew.com,Female,employee,7.0,+1-966-947-5212x3047,2023-12-10 11:11:24,2024-08-28 03:59:08
226,Bradley Nguyen,$2b$10$I9ppDqqzMoD5o7EmwYvn9.v6RrmjpGotFkFeKvpRpMZble.frZq4m,connerjennifer225@mgcrew.com,Female,employee,8.0,270-749-0894,2023-08-30 00:49:38,2023-11-18 06:10:07
227,Matthew Wagner,$2b$10$NRyXwqqltvKuNsjMKYmywOmKQPr8GocBRmVb5yO.NTugFuHh9rNgi,elliottjohnathan226@mgcrew.com,Others,employee,2.0,773.306.1268x0668,2022-09-08 15:49:10,2023-05-23 01:31:21
228,Heather Garcia,$2b$10$GX58kQ8iIEuifplcHPcrB.3UQaYN8ub4pucOCvzgzZacLyodb.Vbi,iowens227@mgcrew.com,Male,employee,1.0,+1-278-273-8096x583,2024-09-08 20:27:27,2024-09-29 14:29:04
229,Christopher Wright,$2b$10$kQTls.cGIBpjplFnIw0gCeYnj0tVjGy7NuX2YrU.EVB/xW3qUdqEK,canderson228@mgcrew.com,Male,employee,6.0,4782735644,2024-03-03 13:33:32,2024-05-15 09:54:29
230,Jeffrey Ellis,$2b$10$hmG4M9tEWwPrVmdCfhRWrOlShiOr4Rih.wtj9Aa2xs.fJKdmHFZ5.,umendoza229@mgcrew.com,Male,employee,7.0,+1-747-389-7092,2023-07-23 04:15:03,2024-01-01 12:25:30
231,Jeffery Thomas,$2b$10$TGSLnImavGH/J.cZoR0x8.I9CS6EwKM3naAERFBStacAafxVzhhXK,xmiller230@mgcrew.com,Male,employee,3.0,+1-869-835-2972x4140,2023-08-09 20:04:54,2024-08-02 08:17:39
232,Mary Hubbard,$2b$10$Rn7NJ0eAs73AVpq3bzn9le3SN7ZlxGL2xzEhSWUJDxoWTRhN0.fWC,taylorbenjamin231@mgcrew.com,Others,employee,6.0,+1-649-877-9116x031,2023-06-28 11:23:34,2024-02-09 09:58:59
233,Melanie Hoffman,$2b$10$1YvAo0Ju4i6U0HJ7iNbzuOYHCdDDqc8Ja7.KNE9BUhCcgr.uGoYDS,elizabeth56232@mgcrew.com,Female,employee,1.0,554-422-9863x11979,2024-02-15 15:37:24,2024-05-07 07:27:52
234,Laura Powell,$2b$10$83WtHuHzO.9KOhK3Qkq6lu01kn0Or3ZJck.aydMAz3uLHKbAn3zW6,sampsoncarl233@mgcrew.com,Male,employee,7.0,(323)428-2950x3993,2023-01-30 22:22:03,2024-02-17 08:42:17
235,Kathleen Edwards,$2b$10$myqW8v95FN4Z6IDDcqRU6e2d9V.VB6J1b2g1LcTOP2qh8naN8xNEO,bblair234@mgcrew.com,Female,employee,6.0,+1-861-675-0654x518,2023-01-17 13:55:29,2024-04-09 05:28:49
236,Janice Garrett,$2b$10$MSGjJ03qz9MMTHawCjOfree7l6wwEk4eQfifz.p8ZJiFZwfTtIcBC,james41235@mgcrew.com,Others,employee,4.0,+1-610-740-0289,2022-10-12 07:32:14,2024-01-10 19:11:32
237,Jessica Daniels,$2b$10$o2GC9iMCGKsBVwLjC7ioJOP4re5gyhGjkSaFf9BOtN.KbEZmRzefa,yhall236@mgcrew.com,Female,employee,6.0,001-902-862-4200x867,2023-10-24 16:07:51,2024-05-20 00:18:29
238,Nicole Lopez,$2b$10$0r84xyuuoUyqII7OgvZOL./qwi9imYp0nSe10tjqkfTOPFQZmKViK,jacobramirez237@mgcrew.com,Female,employee,3.0,559-878-1548x0715,2022-07-24 16:31:47,2023-03-21 19:02:24
239,Brandon Walker,$2b$10$jczOCV3KjvmZvNA5/O/xgOgR5ZxH8IX/rFQMbHHU2ofOFnAXXTSI.,wolfenicholas238@mgcrew.com,Male,employee,6.0,+1-393-493-2854x0916,2022-08-15 15:26:01,2022-12-02 00:04:45
240,Lindsey King,$2b$10$aNtdvTEbUpAXJd5huSgDHeg/YfqPWdPJTWGu0AV1hyCQgRFOMYrIK,jenniferlewis239@mgcrew.com,Others,employee,6.0,644-940-7799x2968,2023-07-25 18:16:47,2024-03-02 21:47:49
241,Caitlyn Mccormick,$2b$10$j.MA1dH56fipCT3VD85xpey7unZyYHy6u0j2i0bk/2ui6GGuJAwRC,iho240@mgcrew.com,Male,employee,4.0,(378)200-8126x76105,2024-09-28 05:49:45,2024-09-30 13:01:41
242,Howard Owens,$2b$10$qL4kgiz9/thdT6V1tgA6le33ci.kjNfyql2AHsRT3wuwLMeS6yQFe,adam75241@mgcrew.com,Others,employee,4.0,931-254-5050x22807,2024-01-22 19:26:38,2024-06-22 10:33:01
243,Carl Joyce,$2b$10$zHs1cfz2HHg5va8yoZIR4ehepwR/CFJWk/DlAw0GpG.mTinpCvL2q,croberts242@mgcrew.com,Female,employee,6.0,(711)413-1482x53684,2022-09-18 05:36:13,2023-06-26 02:27:48
244,Alyssa Murray,$2b$10$2lwAeCme/5CxvqQM7VoL7ema0veNHXsY8KuSBE/nnlmQQe8/zB3oW,jason39243@mgcrew.com,Female,employee,1.0,796.465.4303,2023-03-08 05:29:51,2023-06-09 07:33:55
245,Nicholas Hoffman,$2b$10$fNkHyfCUwDMJfXpzO.QSUO7tCUCoHzEXaMrOOxlhtDSXDpG2urg5e,matthewking244@mgcrew.com,Female,employee,4.0,502-791-1840x2731,2022-10-16 21:14:10,2024-05-16 16:30:28
246,Steven Martinez,$2b$10$ZorlGlQ/tzYaWUavGZjnOeC./ZoyGHrBPiKSe.v.sP6iLU2NAYTKu,parkkim245@mgcrew.com,Female,employee,8.0,927.961.5905,2024-05-01 22:18:57,2024-09-22 21:41:37
247,Sarah Hobbs,$2b$10$fHNDRoTNrRbnNZYLtsGv9Oq23Lendl5rOd3Lb8ySOhmLJfTS.cq7e,quinnkimberly246@mgcrew.com,Others,employee,4.0,528.945.2222x99409,2024-07-08 03:25:52,2024-08-30 05:49:32
248,Terri Smith,$2b$10$WrqJajpGS338d3L9g1QAeeycYfjOdZre6cTdHOVG4FKcqAER5pDZW,courtneydiaz247@mgcrew.com,Others,employee,2.0,418.731.5155,2023-07-01 23:07:42,2023-08-26 17:59:09
249,Noah Simmons,$2b$10$K3M3sHwsRSzCmhE/SZEuIeKFJ4xK8k8hmYCTHq45zY8YtYo7ydoPm,michaelrodriguez248@mgcrew.com,Female,employee,8.0,8412468556,2023-02-28 19:48:55,2024-01-22 01:03:46
250,Joseph Morris,$2b$10$cB6tUo6MmjolYUQqai4mSOmkZ7dWVh/CBDCdaRgS/YANXqIM6nlAm,douglasgregory249@mgcrew.com,Others,employee,7.0,(458)243-6623x28634,2022-09-25 11:24:35,2023-06-07 21:14:05
251,Rebecca Hubbard,$2b$10$RgzQ9eGTAswuBBL.taqXoO32lIMhHXGce.5//HRAWObe5xq9RUify,xandersen250@mgcrew.com,Female,employee,7.0,991.845.5871x8140,2023-10-08 08:30:03,2023-10-14 16:32:15
252,Marc Mccarthy,$2b$10$7c6aHqO8Y2208nTgVRjJROxEESMo.Uv1211NkSFTwr5c5j3vJCJku,larry26251@mgcrew.com,Female,employee,2.0,483.513.2801,2022-11-11 18:59:17,2024-07-19 01:24:40
253,Mary Thomas,$2b$10$dlBl60dGcrZpBy9q.6eor.p0DpZuIHgHuCphpqZuwFloTuIXSQoym,jameschang252@mgcrew.com,Others,employee,5.0,743.487.9064,2023-03-28 04:55:39,2023-11-13 23:10:09
254,Amber Hall,$2b$10$z6fxD9vz0410k/E73jj7beyZ.3uJW2vsMp20avgMam6NKP2NoG7oO,laurabell253@mgcrew.com,Male,employee,7.0,862-689-0154x87191,2024-04-22 06:32:29,2024-05-30 00:30:52
255,Robert Hubbard,$2b$10$0zSyqD83ELc9Gsa5cYUerebg4O3E9zKqrlLNCf/aMdV5HpeEwsSCe,pbarnes254@mgcrew.com,Female,employee,7.0,(606)739-4968,2023-10-22 09:58:54,2024-03-03 15:53:05
256,Michael Stevenson,$2b$10$Ick8FqOjPfxSGblgfiNTJOuRlYN0mHly6l1Wn6qXQ8hLYbP.pLSHm,robertfernandez255@mgcrew.com,Others,employee,3.0,701.251.8784x891,2024-08-19 11:28:34,2024-08-30 04:57:07
257,Steven Barrett,$2b$10$6qYjGvmlKOyBFk5YSJLPjuwzmBMmMpM36Ev41El8fNJ/FFpWYoTaO,michelle40256@mgcrew.com,Female,employee,2.0,376.811.9981,2022-09-16 01:11:46,2023-07-09 04:34:01
258,Margaret Morris,$2b$10$e9vFjJKeumb9niFrt4kDJO79RjB3bpcBrxVTB/KJGtlOpFIlqQ2Te,eddiefreeman257@mgcrew.com,Female,employee,1.0,001-322-749-6732x703,2024-05-22 21:19:30,2024-07-17 08:13:16
259,Patrick Hunt,$2b$10$2jnM3wf7dYGw/p7mkZ4IfuYMvVoFg7UZ.lFiUblkZI/4VlbVM..ja,james92258@mgcrew.com,Female,employee,5.0,439-836-5504x80111,2023-07-06 08:49:11,2024-07-29 04:36:32
260,Kelsey Gilbert,$2b$10$t9fUZlYf4FkGAFReLreN0eUie8b.pkUSP8OoojHGMJN1XhjcAnMeK,brownpaul259@mgcrew.com,Others,employee,5.0,+1-550-287-5801,2024-08-10 22:01:09,2024-09-24 12:02:35
261,David Schwartz,$2b$10$NmWsRYb1LchtFSeX/.YAQuj0w07uUzQ2j6TdM88R37rqXr1wAKXYK,craig90260@mgcrew.com,Male,employee,1.0,001-204-533-0024x122,2023-02-24 13:24:01,2023-11-01 22:05:54
262,Samuel Butler,$2b$10$IlSLTtZAh2SmpTLLLSaDq.AD6p6y8t6SBMFqhr1kKoQZmCMKXPRSu,millerkathleen261@mgcrew.com,Male,employee,1.0,834.635.7543x5318,2024-06-27 13:51:54,2024-08-04 16:28:29
263,Cassandra Kim,$2b$10$rMeSPICk9wTe8SO3FRBti.cK0nyLJPWbc90MBDwCDU7C9nCTpoff6,victoriastrong262@mgcrew.com,Male,employee,7.0,001-381-601-7200x664,2024-01-08 03:30:09,2024-05-07 19:56:31
264,Tracey Rocha,$2b$10$dw2RZIqGEBf/grYcpBTTD.ny2EjP50WGj/OQ8PhDT20ibwjPuDDxO,stevenhays263@mgcrew.com,Female,employee,1.0,7558137160,2024-09-23 14:26:46,2024-10-06 20:30:52
265,David Shepard,$2b$10$ymLBowrucnPiwJDPJGVjkeeWBiknsE/Kpz.EvNuag4wmLnLY2ttn2,tlane264@mgcrew.com,Female,employee,6.0,(632)285-7148x57578,2022-07-17 02:44:58,2024-08-01 20:11:56
266,Elizabeth Fry,$2b$10$OJi8vawUgrkABAxBqu/fROoQNpFV3.MJLSLa0K4SOUsmDYxNlHspy,yhorne265@mgcrew.com,Others,employee,8.0,+1-429-767-5228x3633,2023-12-13 11:08:58,2024-03-19 03:09:33
267,Erin Bennett,$2b$10$NNyS7WIzgwJ.Bzvd9OQfPOUQT/Jrb0EHDvpsNYKpIlgk0EsPmPTDO,sandra46266@mgcrew.com,Female,employee,6.0,226.930.5136x029,2024-05-12 04:41:17,2024-05-30 11:55:38
268,Alexander Sherman,$2b$10$ep1k9PuZy27YNZ.YyV9ufeCMiQgOe0/9LuuRbrf9YcGvkC0/jKxZm,ugonzales267@mgcrew.com,Others,employee,3.0,(795)357-0137x62901,2024-07-04 22:28:30,2024-07-12 09:39:55
269,Malik Hernandez,$2b$10$isSphvj3Q7icDkWAUHcZ/.NOxaByy72TJ0VlCZbRxg2TwFQxce7PK,bob36268@mgcrew.com,Others,employee,3.0,+1-406-622-3302x8132,2023-12-13 02:52:31,2024-07-18 17:53:19
270,Jason Johnson,$2b$10$7IpgLXjzmcMkkbjQN9hob.Zh9nCsonN5xpT2LdQ8JDKKlY7xm6E4a,markfoster269@mgcrew.com,Male,employee,1.0,+1-968-451-2031x070,2023-04-28 03:02:41,2024-05-13 06:16:43
271,Heather Sanchez,$2b$10$h0CYx4B4ECiI4TPFztg.3Oysx.ia6KSVr6oH.8iH.8FhLu66TANha,bbrown270@mgcrew.com,Female,employee,1.0,843-344-5689x806,2022-07-23 02:10:25,2023-08-22 12:17:19
272,Jason Garrett,$2b$10$6B79lEmgEEG6OHo9tWHc.u8BuWLPmY.bh7KZMvK0ojCDwIiGk.NSW,yreynolds271@mgcrew.com,Male,employee,1.0,7043258681,2024-04-21 01:20:01,2024-06-05 14:04:26
273,Raymond Dixon,$2b$10$v53LamXpC.tqVSZYpFP3NuQutbH0CVczav2v3HjT.izESJmUfxJk2,millertimothy272@mgcrew.com,Others,employee,8.0,7158419393,2023-10-24 21:41:59,2023-12-28 03:26:05
274,Patricia Thompson,$2b$10$nSzsowTHg04XtfWWJtW2uefRwlp/v6Q.AkMkSbD17xS3AAhyTE3.a,brucemorales273@mgcrew.com,Others,employee,6.0,3052900648,2023-07-15 11:29:51,2024-04-08 19:03:20
275,Rebecca Mcclain,$2b$10$NfoYAEWZkbIdccraFZaoUeLbKBkDKsywROyd.9zuxyJX.LbqJyCxy,icameron274@mgcrew.com,Others,employee,2.0,(448)608-3755x134,2024-08-20 15:02:06,2024-09-22 04:10:58
276,Donna Lucas,$2b$10$Uy1k.jNJjHIg1Qdyf9OArua6Fsv4CV0jYkOSbDdzQScni5eIRwKIa,waltermills275@mgcrew.com,Female,employee,4.0,+1-304-370-8799x1161,2023-06-08 14:12:52,2024-01-30 01:30:50
277,Rachel Lawrence,$2b$10$7Mo2NQBhOTtGRSgrcx5V9OlLhDIVZwbGaEL5oqWN/XU7bTg6PlkiK,georgephillips276@mgcrew.com,Female,employee,7.0,(998)416-5980x4257,2023-06-11 21:23:54,2024-03-23 14:47:53
278,Robert Lee,$2b$10$l4BTUEsgHdBjYkpRfucnVuEBzdumxoTnL9cXAVnuBjI60glq401Py,gonzalesanne277@mgcrew.com,Male,employee,3.0,(892)610-6966,2023-04-20 07:31:24,2024-02-22 08:34:05
279,Rachel Adkins,$2b$10$PiJiU8FWZg8X0engp.Lu3OjfRavpL3PwSZE2cx4W1MWHjjjfKJ4CW,markrobinson278@mgcrew.com,Others,employee,7.0,877-975-5945,2024-06-25 04:37:50,2024-09-06 03:08:35
280,Natalie Chavez,$2b$10$mD6xxbm5IwwQtXOt7oiOSO7MOC085DUjOmh8riWx6CUH1s/WKjfPC,jacksonrichard279@mgcrew.com,Female,employee,2.0,(478)276-2613x359,2022-12-06 02:27:40,2024-07-19 10:42:27
281,Joseph Glover,$2b$10$EeKMIJPDZFOVGIX1kG49L./oUj11ulpsunudpN7yDdV6nLsrfQpZW,wilsondavid280@mgcrew.com,Others,employee,6.0,+1-868-575-5315,2022-07-09 09:09:22,2022-10-29 15:03:35
282,Jennifer Bryan,$2b$10$hJhAli/Jtg5syzJbK29ZG.aG/tiR5ptlAu/W9Fi8pkp2McZjUNQ/a,dennis23281@mgcrew.com,Female,employee,4.0,567.388.0618,2023-05-16 14:52:00,2023-08-06 05:18:59
283,Chelsea Johnson,$2b$10$EjgzZ.LKp8p78Zy.qVFijO.2Z2AKBzbbJgvX3hWcxnUqCH5VTYit6,bakertravis282@mgcrew.com,Male,employee,7.0,001-992-964-5845x909,2024-08-26 22:08:17,2024-09-13 13:31:03
284,Diana Cook,$2b$10$Tw1fncni9ybapA58NS6uV.66HdJ4ejUUH.sb5ESuiCr/gXcmbl/Aq,lucasrichard283@mgcrew.com,Others,employee,5.0,001-578-373-1817x320,2023-12-30 17:45:00,2024-02-07 20:04:38
285,Jesus Ward,$2b$10$ZoEzl9NPM99TNIppOOCo6Or0EMBooCh2Whg7lq.HepZ7WvvHkzlEO,frank99284@mgcrew.com,Female,employee,4.0,001-518-456-1083x699,2023-03-17 17:56:35,2024-04-12 10:56:00
286,Nicole Dunlap,$2b$10$a1DufGBJlRVd5IoitE49XOio5jMj0GWeujHxz3VKGU5P8eu79squO,littlewilliam285@mgcrew.com,Others,employee,5.0,+1-810-850-2498x337,2023-03-29 20:42:41,2023-11-15 02:17:32
287,Courtney Hardy,$2b$10$hWl4csdlXxeXjeTGprkFkOmMJgykIex55OYgBNcJ8jeepKjlDmEVG,kjacobs286@mgcrew.com,Male,employee,3.0,966.596.4649x66358,2023-11-26 11:21:33,2024-02-23 01:39:56
288,David Ortiz,$2b$10$GC9pR3.R0YKWue6RjGcRa.Fq7i8dG13/B38FdD7.raiL.Pxwu1mlK,vholloway287@mgcrew.com,Female,employee,5.0,001-908-672-0009x493,2022-04-26 01:51:41,2024-03-30 23:26:02
289,Joseph Murphy,$2b$10$Fif1a.y3QWKzvbfKFSsiZe6XHRBWu.1Pi.ntO6nz0d0w.OxzJgqLO,jeremy44288@mgcrew.com,Female,employee,2.0,001-364-748-0683x517,2023-08-20 12:55:37,2024-07-04 21:00:19
290,Tammy Miranda,$2b$10$ismjEPieYMJ2dm.kFtjzAOOeYYmGj0EDBfVmeJLs1zTsS3sdBozqm,ocantu289@mgcrew.com,Female,employee,5.0,448.347.9971x30097,2023-10-13 02:08:55,2024-01-19 20:07:19
291,Amber Morgan,$2b$10$BOfCXdVXp1qQ6UM.62F2WuY6B9igw5VYZGgZ7X6i92lCC1YVtvB3O,gregory53290@mgcrew.com,Female,employee,8.0,837.526.4992,2023-05-18 13:54:09,2024-01-17 06:50:14
292,Anna Love,$2b$10$oESza2Tz1ty.7vFY4P4LueUWD4qKqUe8Nw8lSqk.E1ZTWqX1hDz72,jessica31291@mgcrew.com,Male,employee,7.0,267-984-0699x46750,2023-10-17 18:46:50,2024-05-22 01:15:08
293,Robert Green,$2b$10$pZMEMOeOJEgjAo.OK3HUuOMtMYNOXbrraNiTfIofzf/I987AitstW,jennifer08292@mgcrew.com,Others,employee,4.0,(859)434-3680,2024-09-08 17:10:07,2024-09-12 00:53:58
294,Andrew Perkins,$2b$10$sFjJoRmOVbUX254qjtu2WuGW.VrPlVWXHEUxhCUMuSru3oVDi3QAi,garythompson293@mgcrew.com,Others,employee,4.0,+1-436-971-5414x7537,2022-09-15 00:32:52,2023-06-23 13:18:35
295,Ashley York,$2b$10$KLgBJpr8RzH6QBPh4md9l.R8pwG0h.xI6IW7wnOwBtZ20xxJf6PZq,sthomas294@mgcrew.com,Female,employee,8.0,7729251879,2022-07-18 02:34:14,2024-02-03 14:24:56
296,Gregory Brown,$2b$10$bV7jypgQhL3wk6wmlZjzeujRvsupPYz/Jf4Ceix6illD3w/LtNZRS,gmorgan295@mgcrew.com,Male,employee,6.0,413-888-9501x2964,2023-08-05 17:21:10,2024-07-03 04:59:19
297,Christopher Garcia,$2b$10$iqM19KYpvBNk9h/FMnq2TOgwmjdLlEHCIp/zBtF.rqMq5UhM3D0hq,ejohnson296@mgcrew.com,Male,employee,8.0,685.648.0381,2022-12-12 12:51:38,2023-10-14 14:19:06
298,Derrick Ray,$2b$10$OF6zC4ZeGOU/JtOtYrLHYOdhFsfkadtDMjpHbn4CJZNtlq4654QXO,helenstrong297@mgcrew.com,Female,employee,4.0,575-744-5454x531,2023-03-25 16:10:07,2024-01-08 14:12:41
299,Amy Booker,$2b$10$KwSthoZG9iJwBpHMKPGU7eDCxUeBPQMaKIazOX3nfn2HN2.GyUdxi,jimmy80298@mgcrew.com,Female,employee,7.0,+1-899-775-4491x2654,2023-09-16 21:57:50,2024-08-16 00:45:53
300,Shannon Thompson,$2b$10$z2XV6MNkCTiDbaSYjnlHvOunRfDWCXWSodY/hqpIAHQ9xp70yz8Vm,matthewharris299@mgcrew.com,Female,employee,6.0,(464)939-5157x1386,2023-06-26 16:41:28,2023-11-27 04:49:28
301,Daniel Spears,$2b$10$aOUEqxdZkB8CHtvdIs110uVpKa8AyWpps0f7ZFVpzYJrAZSdbJLee,rebeccaherrera300@mgcrew.com,Male,employee,6.0,001-534-633-2933x303,2024-04-17 23:24:53,2024-07-01 12:18:27
302,Darrell Smith,$2b$10$51WeNw9prxXcBE4GrmyW0eWPcEnBDcjrvacrxbcG.Wa20EbxgLrrK,robertdowns301@mgcrew.com,Others,employee,7.0,349.612.8928x4280,2024-08-19 10:14:42,2024-08-24 18:07:50
303,Jay Rodriguez,$2b$10$88wRigM9OUMUZwF4F9nB7.70Zz8uUtD0zXyer8HzVvlxFhJWb.hma,bondjoseph302@mgcrew.com,Others,employee,4.0,3969236268,2024-03-19 17:18:54,2024-04-05 09:03:05
304,Todd Green,$2b$10$pNC3ZazyboHeMxGyFQarJu5arEsAmV.LOKatbo6ry4RBHaS7pvP8O,kimberlygarner303@mgcrew.com,Male,employee,5.0,716.471.7704,2023-11-11 18:59:49,2024-06-09 17:14:01
305,Debbie Jackson,$2b$10$ZIu465GLH4vdCjcZiT82t.awDW/RqU0gStIfflBA1y3cIVj1S5Dnu,zparker304@mgcrew.com,Others,employee,5.0,001-929-264-0180x785,2024-03-15 16:07:29,2024-07-29 08:03:24
306,Andrea Hill,$2b$10$YuvlrddsD1TcaBt/pxNV0u0R5A7wi1Sb2fFtM5ypRFmW7Dybj9.wW,lauren26305@mgcrew.com,Others,employee,4.0,(323)439-5534x95844,2023-06-22 12:46:22,2023-07-28 10:07:10
307,Carrie Clark,$2b$10$GqPLDayXiOy1m3NN6y/4KO7O6CJBNUnhIKtfapzkuBe/FI0lmerFG,grantnicole306@mgcrew.com,Male,employee,8.0,300.651.5841x945,2023-02-04 03:58:45,2023-11-25 22:09:10
308,Terry Burns,$2b$10$jfvkN9XU9Kv3Wv/2NyMsZ.WaxN5Im0hHEpojyP.Wud/MgkDvPubde,benjaminwilliams307@mgcrew.com,Female,employee,8.0,443.531.4640,2023-07-05 21:24:35,2024-07-17 07:57:36
309,Harry Williams,$2b$10$HKgPCWtIgybCRZZJpOqaBOkNZm0YJYxOSTjLJZcsexTC9dMjTWWtS,silvagavin308@mgcrew.com,Female,employee,4.0,9704435581,2024-04-01 20:31:50,2024-07-17 20:32:34
310,Emily Henry,$2b$10$lDWI4lPXang30GQHz0Igb.XsFCxWNThICIHGAqcwP/Vrew2JHzJLa,wevans309@mgcrew.com,Female,employee,6.0,+1-613-896-7308,2024-07-08 21:23:17,2024-08-17 01:37:19
311,Vincent Foster,$2b$10$XxV8OLbiJOrPDklz9GwouuZzaU4EShw1phcnAsjgCdbK5/QhXVqm2,joshuaturner310@mgcrew.com,Others,employee,3.0,+1-929-219-0120x8587,2024-07-04 18:14:28,2024-09-19 16:09:59
312,Linda Davidson,$2b$10$aiaygB92KIFk2g.XECZtAuEB3dLMYXrbMhZT.JOXdAJuOLczfbHX.,juliemiller311@mgcrew.com,Male,employee,5.0,538.565.8514x9726,2023-11-08 20:11:05,2024-03-25 09:41:05
313,Rachel Obrien,$2b$10$TpzFiAAXXI5zrbP.E1oMdu7D564VxcI0NuVCmmoVCg2Db4nIL4ira,michellelawson312@mgcrew.com,Others,employee,8.0,4314856074,2023-01-28 12:36:16,2023-12-16 15:53:18
314,Michelle Bright,$2b$10$Cmh4ufWdKxTg06RJRdbhV.pzQIM1DSnlCgipt3kXwhtJZCJIwzw1a,sheila36313@mgcrew.com,Others,employee,2.0,(534)555-0534x565,2024-06-11 02:31:05,2024-07-14 06:31:40
315,Ronald Solis,$2b$10$sfXgvQcS59CeN95IiWbfV.vteOyLaNDOj/VbRWYO0p90I0VcPbcqO,barbara84314@mgcrew.com,Others,employee,3.0,565.526.0336x1226,2024-05-10 09:30:04,2024-07-27 11:37:12
316,Anne Cooper,$2b$10$4R//6KQ7DU6kTI0P0nhCW.GbbBbfONOgIv3V.0h46xRCTamdAQwp6,yshelton315@mgcrew.com,Male,employee,6.0,246-926-7157x70708,2024-07-13 10:52:34,2024-09-01 04:35:09
317,Christopher Jordan,$2b$10$WSABF3V16LLU3MTF1BgdMe5lJDYdt21nGQdYFzGZllO1QRfIcsid.,davidrobinson316@mgcrew.com,Male,employee,7.0,+1-499-776-7243x0434,2023-12-31 20:44:08,2024-05-11 19:10:06
318,Joshua Nelson,$2b$10$Kzsy78s0JTixCZR3HA1hM.2pxaZbijQsvgMjqC4ra7gMF8/VI5mjS,kprice317@mgcrew.com,Male,employee,2.0,+1-360-868-8827x854,2023-05-30 10:18:26,2023-07-23 18:54:45
319,Richard Prince,$2b$10$vTH2StgJi/8Ybw8i7WK2LOeBd7620xM9nCJT/87ckf0HinkJM0Dfe,barbermichael318@mgcrew.com,Male,employee,2.0,+1-210-211-0826x3252,2022-06-21 03:00:01,2023-11-28 16:57:55
320,Barry Gregory,$2b$10$eamDDkoFN85wnTXf7k9gIeCWQF6pIQlSgzlGN1M3UfSJ.A.cXbdbK,andrea55319@mgcrew.com,Male,employee,4.0,+1-878-546-6490x8696,2022-10-05 17:55:18,2023-02-26 00:55:04
321,Brianna Henry,$2b$10$p2n3lMon3YssmbsXhx3TNu.L1tEhGfkp1YZLonsGbRAC8lv2425K2,tgray320@mgcrew.com,Female,employee,2.0,259.237.3974x6808,2023-06-16 23:37:08,2023-12-08 08:39:51
322,Luke Payne,$2b$10$FcW7oAmpspkrycqOH0vc4.oecj2N5bnjrYlFJxKnMUPoWyl4Hqmrq,millsdaniel321@mgcrew.com,Male,employee,3.0,484.857.9062x6680,2023-07-25 03:30:42,2023-09-11 18:40:56
323,Christopher Brown,$2b$10$x9aM4Z1ySBKR6ROAVNQ3u.CL3zPp4w7mjac1q/1MXxVhq3uBctirm,davidspencer322@mgcrew.com,Others,employee,5.0,796-685-3714x7004,2023-11-23 07:59:10,2024-06-27 04:21:54
324,Crystal Dougherty,$2b$10$vKnfIR6ARLbHfK584YqPCumjK0SU8oOuHeTcQVQHPuFJqa2Jr2NKy,jeffrey24323@mgcrew.com,Female,employee,3.0,+1-383-538-4809,2022-08-26 04:38:16,2023-12-16 14:25:34
325,Peggy Douglas,$2b$10$RcXLEKq/kcLD4doT8eEiYOLbX6810RTkpqmfsBbPj21l/hpUO96j2,thomas42324@mgcrew.com,Female,employee,2.0,329.274.2718,2023-08-12 17:50:39,2024-03-28 22:11:24
326,Thomas Fields,$2b$10$I7mEh8I6CdyBRE3/utMguOqydQj1JtaPICDWsuHQzP/4diMm1t/RC,kara84325@mgcrew.com,Male,employee,2.0,8728078772,2023-11-01 17:52:55,2024-09-01 11:38:00
327,John Reyes,$2b$10$GTargsesJnCJ6EgFlu0jaOthI9GqXI.W86yap.Lg9icKa3Bk1GH/.,amandawall326@mgcrew.com,Male,employee,5.0,657.687.5283x59493,2023-07-18 03:09:01,2024-05-31 02:08:11
328,Eugene Brooks,$2b$10$p.kx6uURWgpdGEI4jnYISu0rkcAFub0t8iwxeGHYz4VibF27LmLXK,catherinepacheco327@mgcrew.com,Male,employee,2.0,283.584.0108x9679,2023-06-03 06:03:44,2023-07-16 05:46:55
329,Jonathan May,$2b$10$L8uqCCyjv6US3SgxRF62XutmDVEJ63gxa55T/jlFhNzRu50DR7WrO,patrick64328@mgcrew.com,Female,employee,5.0,(253)662-6659,2024-01-15 03:31:14,2024-03-10 07:12:54
330,Troy Parsons,$2b$10$Jzy2IYRNa96V.ELKhUL0PeAGFgjmVqsGrcX6YEHGAggyio4ABRK6C,hbarnes329@mgcrew.com,Male,employee,8.0,(974)271-1328x548,2023-05-14 07:18:45,2024-08-02 14:16:18
331,Brandon Green,$2b$10$Jenml1YKcg4ahknhrRX9ceNPsyVQQAklJZPsW.k..dX8ZU5aPKbgW,millerkayla330@mgcrew.com,Others,employee,1.0,567-717-0026x3698,2023-06-08 05:14:09,2023-06-14 14:41:01
332,Mrs. Melissa Gallagher DVM,$2b$10$.THH1DKyyFJdzbv6kLF79uRwaKoIgZbwIGHSp50DQlNEFQBpg.MQy,stoutdennis331@mgcrew.com,Female,employee,5.0,(837)830-5574,2022-04-14 08:12:15,2024-06-15 10:50:47
333,Angela Walker,$2b$10$IXDClsCiPcyLQCZiNuUFNexkcmzRmxn03S6uV03/EsbWhLKODwvtm,browntom332@mgcrew.com,Others,employee,4.0,001-620-420-9714x915,2023-11-14 12:41:07,2024-01-31 03:05:47
334,Angela Martin,$2b$10$hl9AJCmhpZx202ud5iOCOOxfFK8rI1HqDx7SudR3kxRZQCkVowLiy,ritawilson333@mgcrew.com,Female,employee,6.0,722.608.7962,2023-06-30 03:10:29,2023-09-10 00:14:48
335,Sylvia Monroe,$2b$10$7LZDb9.FtMf0VbT6gR1xBO/uKqQP8kK5FP0WXpLDQGf12C9uDL32y,shannondavis334@mgcrew.com,Others,employee,3.0,256.894.2711x6538,2022-06-20 12:07:34,2023-12-26 16:43:11
336,Christopher Baker,$2b$10$uAwhPHXBLIykwfwI0KtHl.TGhAXLlleiSLbkVGhX8dYVWzaTpcJJa,awright335@mgcrew.com,Male,employee,7.0,001-215-788-7203x579,2023-07-14 13:01:10,2023-08-31 09:14:26
337,William Moore,$2b$10$0O5ZFxpDHv1Fp.PsSbLt5.clSHVkx0NV9se6awPO707uAd5o5vjtW,josephking336@mgcrew.com,Female,employee,4.0,916.272.0008,2023-06-01 09:45:51,2024-10-03 07:04:01
338,Jeremiah Baldwin,$2b$10$4og9UJAEhVUFA0g7W87HQepnG8DIlvMoMh4M78elFNZMm54cprX0C,danielgarcia337@mgcrew.com,Others,employee,5.0,+1-813-211-1766,2024-06-28 12:55:49,2024-08-16 15:28:25
339,Julie Parker,$2b$10$fjNKcGYZ6372YUQ/M5Ujaelq.uHhKheOkxqFBqR448MxR8WhtjJU2,awilliamson338@mgcrew.com,Others,employee,4.0,721-849-3224x51681,2023-12-26 18:24:38,2024-01-06 07:52:26
340,Tonya Fleming,$2b$10$GnzMFWmSQgBoFpATLWboLOQGhuRW1JoASgtpys/ccGJxZ91uthCZK,lanceestrada339@mgcrew.com,Female,employee,8.0,001-761-561-1499x492,2024-10-03 09:02:39,2024-10-06 06:23:44
341,April Perry,$2b$10$/DiGk8FGzZR8DsRDJ7TMdePfr8CTOT1OlN7XCOURPnPKldy.v.ZHC,cheryljordan340@mgcrew.com,Others,employee,6.0,001-517-919-0293x252,2022-11-13 14:54:00,2024-04-06 13:52:19
342,Jamie Lewis,$2b$10$oxjJ5W61bCtwzM1BJchcCuy1xJnpZXlTJSS/CNbsphjWkU/sH5fZC,charles51341@mgcrew.com,Others,employee,3.0,5617176120,2023-05-11 00:39:25,2023-12-31 15:28:31
343,Christopher Vazquez,$2b$10$EgCTxlzN03T4r89wfa0KLOcIsEa6W/l1eUXTVdmdJt738c9LCQCXq,kanderson342@mgcrew.com,Male,employee,7.0,001-375-952-5461x989,2023-02-13 21:09:37,2023-10-20 23:55:46
344,James Jenkins,$2b$10$YwiHIKvNXZwCRh0O.FsZo.jRLpABfs4s9FqkaCZi3qDy1lHm72SVi,andrew02343@mgcrew.com,Male,employee,1.0,(437)311-0475,2024-09-25 07:58:55,2024-09-29 07:36:44
345,Jessica Holland,$2b$10$nrfEoqkyhrs4cJO85Koxa.K57AJA0J35dtgnKGudFiw8Frv09gLI2,robinsonbrandy344@mgcrew.com,Others,employee,2.0,+1-938-418-1906x9607,2024-03-03 06:19:26,2024-05-18 12:14:19
346,Mrs. Sarah Russell MD,$2b$10$oPJfhB7GPOCd1DpKjUPh8OkzQs/AYxHPyoY6mye9ynYHV1hP6Jrgu,holtashley345@mgcrew.com,Female,employee,5.0,001-561-586-2369x877,2022-04-28 23:31:01,2024-03-30 04:01:50
347,Annette Shannon,$2b$10$gkTTlHOIS8PBmcK6d6JKHuyu4RAd0FYk0H2iA3s/qmIdm7T51SsZ.,dawnwilliams346@mgcrew.com,Female,employee,1.0,001-820-994-0731,2022-12-25 01:16:32,2023-08-11 19:13:47
348,Gabriel Weaver,$2b$10$rjSiGZKFirer6dPoa74Oj.yfoQn0CEdTEVztbhD0KRPFd7tNQtguS,amandashaffer347@mgcrew.com,Female,employee,4.0,(233)537-2070x429,2022-11-17 00:55:45,2024-02-23 23:03:16
349,Christopher Jones,$2b$10$j1MAz0SmRvjjw5ffvoAgO.ILQ4u62uVaGOdqmEFvP1VD.IOWVOxL.,fsmith348@mgcrew.com,Female,employee,8.0,582.513.3536x1445,2022-09-26 04:33:11,2023-03-20 20:51:46
350,Robert Taylor,$2b$10$yuWMlAkydl7EJoIi7ihOFuR.yFwsT3djpK2HZ5sKZnCv1mVaVqFG.,townsendsherry349@mgcrew.com,Others,employee,4.0,(647)282-7711x4631,2024-04-16 09:55:55,2024-08-03 17:25:02
351,Bryan Carter,$2b$10$YE55U.cOLTeRog8mE7PRY./jWo5lxkIpudb2z5FmD76.wtsAhQ9Sm,martinrobert350@mgcrew.com,Male,employee,2.0,(907)233-3506,2023-03-22 07:17:47,2024-04-05 16:36:53
352,Timothy Nunez,$2b$10$hNcUgWRWM/rksTUC4nW0ae7gCkKhbnL/bVzfxmKgrXFrGozXsYzwG,davisterri351@mgcrew.com,Female,employee,3.0,001-606-418-5282x257,2022-05-27 16:48:33,2023-05-15 21:37:22
353,Mrs. Samantha Friedman,$2b$10$W4Q/Uee3tQJLpo59k4w6auXEbL1ch92Mlwv1JN0Gmy.Lz/8I5V8kG,lucas02352@mgcrew.com,Others,employee,1.0,+1-781-490-8601x2468,2022-06-27 13:36:33,2022-07-22 07:49:39
354,Michael Phillips,$2b$10$GLpQiKvcrZ8vjuGRYfCO.OkheMc2inLKYyaJWW2rIKqynoY33215a,melissa13353@mgcrew.com,Female,employee,6.0,843.385.2458,2023-09-30 13:29:47,2023-12-23 22:52:06
355,Ronnie Guerrero,$2b$10$.W.fH4oOq32WIDKTff9LF.dbLBUYeRD7tAdv/CB1SHq.wEa5wWHDe,charles34354@mgcrew.com,Male,employee,5.0,746.925.6468,2023-06-30 00:14:56,2024-03-19 19:44:16
356,Pamela Spence,$2b$10$X5dfwrSYryGvvkk9Lza60eP/bxC4fcF2DMpzwKEjzj7pOmeZv.UxG,carlwarner355@mgcrew.com,Female,employee,8.0,+1-564-604-5067x9241,2023-12-03 02:27:18,2024-06-16 13:17:54
357,Kathryn Harrison,$2b$10$CMu5LTNrCVsLJXKaq2dwZeaLfSdtYrWZU/UFs4EksuaxKPXqyTy2G,patricia06356@mgcrew.com,Female,employee,4.0,862-294-2160x0395,2023-09-14 06:17:38,2024-06-07 22:43:57
358,Brandon Dickerson,$2b$10$4dnv6dOz1J0vzYX/YATShOO8en.ap81qpLAtmDXFnzDLJi7AMl2yu,petersonmary357@mgcrew.com,Others,employee,3.0,595.768.1906x881,2022-11-17 15:25:30,2023-12-06 00:50:01
359,Zachary Hernandez,$2b$10$ZywhkKB3d9fy2M3yj2dz.OT5.aoJoBv0Yc6ohSYR8taY8daXzYAK6,colonreginald358@mgcrew.com,Others,employee,5.0,+1-371-505-6775x1747,2022-06-10 00:54:57,2023-02-24 05:58:34
360,Autumn Lamb,$2b$10$Er9fA3xThv/8NZ5lvsH4t.Go28/3z67QYJHfIBE0saHtPNiyRDQVm,mosleysusan359@mgcrew.com,Female,employee,8.0,955.936.2118x5099,2024-03-16 17:41:11,2024-09-21 22:07:52
361,Mrs. Nancy Thomas,$2b$10$AbDz4bo9nk1RhwSqIDtJ/u.hYlx34HAb63FNBBvXU5BPlxUrwef6C,kaitlyn92360@mgcrew.com,Others,employee,6.0,832.898.7205,2023-05-16 12:42:29,2023-05-28 07:30:27
362,Chelsea Martin,$2b$10$yqdMAZM85IdAy0hPQorWs.X2gYRmag2mWFBPVzikspBiHa.MPX16G,tommyperry361@mgcrew.com,Female,employee,8.0,677.540.3390,2022-05-30 19:45:26,2024-05-16 14:12:08
363,Angela Hanson,$2b$10$TzXjMNe7TxVA3BTh/Yf/0u7b4y4rFd2Ov7OUlGFR87LbmaHWwyvVa,henryburns362@mgcrew.com,Female,employee,5.0,430-218-2185x6911,2023-04-16 14:07:48,2024-03-18 03:01:03
364,Susan Collins,$2b$10$J5REExJKVhGr7RuHtwgCW.GYH4uxYvwlAIay9y8FBGEt35.WZ6Rt2,hodgesvalerie363@mgcrew.com,Female,employee,2.0,(960)377-7522x10280,2022-08-30 02:48:36,2023-12-10 09:15:19
365,Dawn Walsh,$2b$10$f0g41Xn9lFtgNKoesLSsbeb6GoGmd8gwtuyME5q.7IxXl4zbJlFCe,kochsherri364@mgcrew.com,Male,employee,4.0,001-418-273-9528,2022-08-27 02:25:41,2024-05-30 12:12:20
366,Amber Hurley,$2b$10$.ql3OwzVQXyuwg39gdel9OUfFFc1ZtNYK09o70fc73HHb52zweWLq,smckenzie365@mgcrew.com,Male,employee,6.0,(822)248-2782,2022-11-24 16:33:41,2024-05-20 21:43:46
367,Christopher Williams,$2b$10$HSgLSIwwFYyI0mkH8BkHneml54xtWsDow5rWaEidYwdc71H/4DgaG,antonio36366@mgcrew.com,Others,employee,5.0,001-769-215-1854x649,2024-08-19 11:34:41,2024-09-27 08:20:49
368,Jacqueline Murphy,$2b$10$2an9matd1Yhjv.eUeGCdgeWcboB0frRWwQae7HMg6qqag3zw/Lfjq,heatherharris367@mgcrew.com,Female,employee,7.0,6812654233,2023-06-03 16:54:05,2023-08-01 22:27:44
369,Michael Johnson,$2b$10$TaCy4kGXysZjkZYv6dD4BeCPqQJaI7QezyD6ugQrYzxdRTntOodQG,moorejennifer368@mgcrew.com,Female,employee,4.0,705-530-4078x637,2022-10-22 16:00:59,2024-08-01 10:52:10
370,Nancy Williams,$2b$10$a.mOsqzvXe8PMjhAYYwj6OYzX5pJykMkWSNYTpMBSiHWapIi.6D0G,mrobertson369@mgcrew.com,Male,employee,2.0,694.601.5729x34233,2022-08-04 03:21:06,2023-07-11 17:14:15
371,Stephanie Watkins,$2b$10$YSoHcwcgC6vOya0CC16gGeQQ7ts7RXeeEaPic3zXPEpzq40/pQP9e,donaldsonjorge370@mgcrew.com,Others,employee,8.0,001-478-516-1458x016,2022-06-15 20:27:12,2024-09-23 05:50:35
372,Cameron Paul,$2b$10$o0QMQZoo3HHjjDlYZWYR9eLi02n5mi0.KGqHvJoLrkaVFCpJE3xe.,hrobinson371@mgcrew.com,Male,employee,5.0,(360)957-1337,2023-11-28 02:07:15,2024-04-18 14:21:37
373,Thomas Schwartz,$2b$10$vfEnpczMRsTlLNMcDpWuguvQK6Cxzgofxfpu4T1gYiGCNtHqNEmqe,oharper372@mgcrew.com,Others,employee,7.0,609-392-3245x5828,2023-04-12 16:49:46,2024-09-05 11:45:31
374,Samantha Harris,$2b$10$DPaT56G/dxJMd8jFhc4tseYCnIKx9cVsTRhmnVpZdtgh1eVJhSz7q,joe89373@mgcrew.com,Female,employee,8.0,+1-566-293-3018x7331,2024-02-21 02:42:54,2024-09-13 03:59:27
375,Brooke Johnson,$2b$10$48j9qS7X8d8PTAgX6E0QHeh1BdD9fOri29nmUPRYx6S7z48it8Npi,fthomas374@mgcrew.com,Female,employee,2.0,247-936-3131x10802,2024-06-13 04:22:41,2024-07-05 02:05:19
376,Carl Richardson,$2b$10$3mQ48G2f0b4ZGvUfl93CseWN8iw5Q1i5N1qKuIQo0aO5gD9xV4wqi,xadams375@mgcrew.com,Female,employee,3.0,905-962-4481x53039,2022-08-07 06:06:51,2023-01-11 09:29:35
377,Alan Spence,$2b$10$F5VCh0I4WcTZ7HvRs38LHOYOlgKYr6KeZCIAIh3jV67P9aBFXtgsC,alvarezrachael376@mgcrew.com,Female,employee,5.0,001-711-248-0244,2023-03-30 06:18:39,2024-06-26 21:29:59
378,Linda Rice,$2b$10$NFyxTwXcKMks5QA2aR7APOlJ2dLZ2m0lflF/wQGzZ4iuYEDGjVfTG,anthony11377@mgcrew.com,Others,employee,3.0,452.754.4316x3762,2024-05-21 16:52:34,2024-10-02 18:42:46
379,James Smith,$2b$10$lXnzWj0pTZfE12b.VqT27eY7pZmDCBfXAgG/Iz2PY2Nh27pw96oJK,reynoldsmisty378@mgcrew.com,Male,employee,8.0,998-221-0120x4124,2023-09-14 12:52:42,2024-09-14 16:26:24
380,Dr. Tammy Molina,$2b$10$ehU0YDr6WA2Rk6irVEs2zOhtQDUiQtuytzrTMcX67sxEj7vZwOhBa,zavalakathleen379@mgcrew.com,Female,employee,3.0,+1-394-683-3205,2023-05-12 12:43:44,2024-09-26 10:00:02
381,Madison Nelson,$2b$10$VTpPJlXZahQeUC/cVBCwiOAtUdHzyOdeXD3mZIM4k8qZl74galuiy,harrisondavid380@mgcrew.com,Others,employee,4.0,687.363.4930x5021,2024-03-14 12:54:12,2024-08-08 17:10:44
382,Anna Vaughan,$2b$10$8fvflUb7nQLHqv7rfHLaOuO76NnZEStWEe8/1m7HJ0HMcvUznKqJC,jonathanthompson381@mgcrew.com,Female,employee,3.0,+1-937-634-9654x1798,2022-11-10 23:14:49,2023-02-19 02:14:01
383,Nicholas Austin,$2b$10$aiQj1BI3rBvjUbm42pLy2um45nYqJWozVQ4WQsTW9GrQ2esnrwGPK,edaniel382@mgcrew.com,Female,employee,7.0,217.483.6538,2023-01-25 00:17:20,2023-06-07 18:35:14
384,Benjamin Reed,$2b$10$zUlQUessW7p8VxcDHOY.7uePVQbjmPe8zdJBu7sQtnHrczwC4aCUK,angelaperry383@mgcrew.com,Others,employee,6.0,001-458-813-1572x887,2022-05-02 08:27:32,2023-05-25 19:23:53
385,Mr. Isaac Blevins,$2b$10$vx96fWz9ECe3O4A4oIf9m.8gnvb5uc1FL7W7sZTRGPXK3fCBCuEcq,wgomez384@mgcrew.com,Others,employee,6.0,857.500.2803,2024-10-01 10:59:56,2024-10-03 02:49:30
386,Karen Medina,$2b$10$t82zB7yxNgaBjD8apQZiNOnWYD1joPrlYsbYgIE5YbG0JcXVAxgLO,wgraham385@mgcrew.com,Others,employee,4.0,001-513-722-5179x581,2024-02-25 03:25:06,2024-07-06 15:31:09
387,Angela Thomas,$2b$10$QwNObgRU2BQ47VpqxEwyge337G2.E92FPk7WIaqqEq.HBTrx8L3t.,bradleycline386@mgcrew.com,Others,employee,5.0,615.304.6236,2022-05-18 07:43:19,2022-11-29 12:19:08
388,Kelly Williams,$2b$10$RpDEQWWime1Q948VIejiB.ssF4Un4V9oTYlEt.SLsOlT2Z861AJFy,wsmith387@mgcrew.com,Female,employee,4.0,366.575.3967x7651,2023-12-25 13:50:05,2024-05-18 23:31:45
389,Kristina Valdez,$2b$10$MLB2wmELh4rJd7BBamijMuLPVX5Q7EzaQhcRt5QeH98ZCLj3LuejC,wmiller388@mgcrew.com,Others,employee,1.0,001-302-209-2448x702,2024-01-23 06:11:53,2024-02-28 22:07:45
390,Veronica Smith,$2b$10$LOg7TZaQsHI8knMurn5WzeGeZ.71OtGOsLVZP4./rCiQFex4TWt8i,morsekelly389@mgcrew.com,Female,employee,1.0,507-901-5077x1993,2023-06-28 23:55:59,2024-03-04 07:18:53
391,James Davis,$2b$10$V4NcDAkTZv1gjAlSjBsfbuQmg8IPnBo3WqguSmddwwUb8mSJ/cMFe,vickiavery390@mgcrew.com,Female,employee,8.0,851.548.5023,2023-06-17 19:36:56,2024-05-19 19:35:30
392,Erica Thompson,$2b$10$QFa4ccrkVc/V.Lk2TDVHv.CyI8wh0AxTwujVtQZmc3vcVv./MZgI.,rebecca07391@mgcrew.com,Female,employee,6.0,+1-343-571-7098x2613,2024-09-26 05:46:09,2024-10-07 06:03:21
393,Stacey Griffith,$2b$10$vEwbC47ieW7ygmErwDZl1eRx7NpADcoprW5qkpDMQHjtl5I15lYZS,gonzalezdaniel392@mgcrew.com,Others,employee,2.0,+1-547-237-9228x8809,2023-09-15 19:53:28,2024-01-12 20:19:51
394,Ryan Watkins,$2b$10$.imM7lx.MFcU15NYwR4SP.2QDWdDCa57w.9Wg6GL9zRFRin9SlVem,kenneth66393@mgcrew.com,Others,employee,4.0,(462)384-0878,2023-12-24 14:20:45,2024-04-12 02:43:46
395,Jennifer Small,$2b$10$SPDECeinQYCV.aSAYD66keLuWjzd.mEyWsuL73r6IPlNKYP/IDTvy,mariaberger394@mgcrew.com,Female,employee,5.0,578-268-2179x586,2023-06-01 01:53:27,2024-09-26 21:06:04
396,Robert Adams,$2b$10$D01og68JSkz/sijKJkO9pueHYIgD9QoK6CYFoWhhZA2WO747yynYu,murphymatthew395@mgcrew.com,Male,employee,8.0,345-563-6540x60618,2024-04-27 09:49:27,2024-06-18 08:43:31
397,Daniel Jones,$2b$10$n6P9buZnA8BZ8KhZ3Iv9nexgqFTTdYu1gRdVr1iY1Uj1ViaN89LPG,douglas17396@mgcrew.com,Male,employee,6.0,+1-915-247-6047x3832,2024-09-12 06:36:30,2024-09-14 18:49:01
398,Mr. Jason Wright,$2b$10$WQKLAcX8GE2ukdf6T7fwy.cOL3x5DoWtjAFLYgGftDAe6ABLzMmty,evansjohnny397@mgcrew.com,Others,employee,4.0,001-996-774-0265x875,2024-02-12 04:40:22,2024-06-14 01:21:27
399,Brian Murphy,$2b$10$ghzan7ICdCwWcyKurxUEk.losX/Y8bCB.rY.ILYIc8Yyy6RCsz2Gm,hicksalicia398@mgcrew.com,Others,employee,4.0,336.787.6546x87028,2023-03-08 06:07:35,2024-05-21 12:53:23
400,Scott Hunt,$2b$10$cxfwQNZDqmHzRqRRCVdpl.7ez6NxYxKGnqJag8G9WzCIDobVP6VbO,dustin56399@mgcrew.com,Male,employee,1.0,839.371.5913x08064,2022-12-13 13:15:01,2024-06-25 12:34:44
401,Toni Sanchez,$2b$10$aArGcVIlGXxditbO5X8EMOVWe68GTPpcrGaIhxZfYfJkRBmGD8kPS,egarrett400@mgcrew.com,Female,employee,6.0,+1-664-526-6989,2023-02-13 07:37:18,2024-04-26 18:40:34
402,Tina Keith,$2b$10$1qv2DFC9Ryxnu0s4vBd/i.QRbua3J6D.rIxUXnLVzzMu3ZOtPimwO,ssmith401@mgcrew.com,Female,employee,6.0,(612)744-7652x008,2024-08-06 15:55:29,2024-09-04 02:14:20
403,Angela Roy,$2b$10$NskqwvHJ8pJsoRLiOM7V7e96AfHzQ2glNv4egxh3FqHWOH2YcOltq,samuel83402@mgcrew.com,Male,employee,1.0,286-373-5498x7868,2024-06-19 17:17:25,2024-09-11 00:09:02
404,Ryan Moore,$2b$10$18Q68xQvJ0XwWYBVcM0SLOlQko.nJqP2auU8iNQDIi.C168r5d4Ke,julie60403@mgcrew.com,Male,employee,2.0,001-397-920-2331,2024-06-01 18:00:51,2024-06-16 13:01:37
405,Brandon Coleman,$2b$10$Zhb//wafcRy7ijyE786CqujGV68moZfz6INIBAT4v6pqHeleFLFdS,jenkinstracey404@mgcrew.com,Male,employee,2.0,726-272-2461x7662,2024-03-30 11:38:29,2024-08-22 12:46:19
406,Brittany Lee,$2b$10$.k9UU8TG2UDfijqpmGbW9uULv/jNhSBga8QyCDHhEFcXVJXdGKfpu,ryan42405@mgcrew.com,Female,employee,2.0,+1-446-794-2414x932,2022-05-03 04:54:46,2024-06-04 01:51:18
407,Michael Holden,$2b$10$NdckjeKT43bDRFC5L0sgjOPdJqZu9Q6m3XBdx/vUyJABAPwi0EBPO,pbarnes406@mgcrew.com,Female,employee,8.0,(905)477-5202x2792,2024-03-23 12:47:10,2024-10-04 05:38:29
408,Brittany Pollard,$2b$10$5f03gT6ine04B4sgz.3me.ERt3LpIT6.xEXg8xcFVbye9z7jve2ai,donnawright407@mgcrew.com,Female,employee,3.0,+1-592-885-6247x204,2024-04-15 01:21:54,2024-09-02 17:18:26
409,Jacqueline Church,$2b$10$5uM8FuZy3vAq3MZaAqfPnOwxGxCpAx70mu3nSbe0QVci9ir3grfYi,robert48408@mgcrew.com,Female,employee,3.0,(292)933-0818x5951,2023-11-15 14:38:49,2023-12-22 16:30:11
410,Anthony Wood,$2b$10$r2lrzBxAeRJB2E8OsCI3HOLWFOblyWC3W1kp4w2Mn4m3nB0SIvTQ6,michaelmiller409@mgcrew.com,Female,employee,5.0,(836)427-5817,2023-02-01 15:14:26,2023-11-28 20:22:36
411,Hunter Ross,$2b$10$z2SD3Z/1oalgOY91QqF1rOm86wh5AKFSx3HSx0xX3ymA8x/XTKTRW,barbaraorr410@mgcrew.com,Others,employee,3.0,317.808.3497x7988,2022-12-23 08:39:32,2024-04-25 11:13:32
412,Jordan Martin,$2b$10$f1.Z4BMZVECVYPsoCZ4lNOH1iVIKKp95OD.1Y08Y0SSDfZfAoW92O,andrewgarner411@mgcrew.com,Female,employee,5.0,420-882-2913,2023-10-24 12:48:23,2023-11-21 23:32:11
413,Erin Alvarez,$2b$10$kxW5bJN.ZVZYPrHR2nvRUeO1wmc0hrlX.5QIppLcOLT1cVZtqpsr2,zalvarado412@mgcrew.com,Male,employee,5.0,(798)960-2317x20124,2024-03-12 11:50:49,2024-08-19 20:17:19
414,Christine Garcia,$2b$10$cuPTy1pc.vR.3KeybUiZOOJZBZHevHFFdBOuIMlclBqncPN9Gd/PS,whiteerika413@mgcrew.com,Female,employee,8.0,001-454-740-4684,2022-06-05 03:22:11,2023-07-24 03:45:13
415,Michael Rodriguez,$2b$10$BIesBQDdoEksbW6lPnHYh.XFS59wgWWpAuyo0PKuUog7djoej0/0W,nferguson414@mgcrew.com,Male,employee,1.0,+1-214-516-8010x515,2022-06-09 22:50:13,2023-07-29 21:01:53
416,Brittney Finley,$2b$10$Trf6sYZpFxH.khrYyYBgd.UiRDFnsX.sHDusD/FyKMPnVSNeHDFFC,frazierzachary415@mgcrew.com,Male,employee,8.0,467-785-0969,2023-06-09 08:17:03,2023-06-24 07:31:12
417,Susan Sellers,$2b$10$TRzGk2N82GkMYdXoWCa6yuExZ0Qv0kTNMg5V4G5D2n0aIcG.53J3S,jonesdonald416@mgcrew.com,Others,employee,6.0,2927281152,2023-12-17 15:52:27,2024-08-05 02:50:57
418,Justin Johnson,$2b$10$Gf0VyUtEA07gXaxCjgzJw.sXO6ucH9y4VeHA2gPcZDv3HuwNLBlTC,mckaydavid417@mgcrew.com,Others,employee,2.0,311.415.6644,2022-07-08 10:50:22,2023-09-29 10:08:30
419,Stephanie Wilson,$2b$10$CabnVAlgxmXZKwCjieFTvOe3hRCR/xL0v7z.xKS9OBJGImoNTvKZy,klopez418@mgcrew.com,Male,employee,1.0,(969)440-9062x690,2022-12-02 19:15:31,2024-02-12 02:09:10
420,Jamie Little,$2b$10$HSy8rERymxOqrMvJJ2C48ODOGStlLxzo9ZwA8TFr5am1aNf/JM6L6,christopher36419@mgcrew.com,Male,employee,7.0,+1-787-394-0021,2023-09-25 18:24:04,2024-02-06 17:25:43
421,Robert Everett,$2b$10$FSJkJt..FNeNRhLy0HBnGO7j2cRczHTexs3JT5zlXHy1PCuSvHjIq,melissa01420@mgcrew.com,Others,employee,6.0,001-232-520-5055x117,2024-09-15 15:07:25,2024-09-20 08:35:46
422,Susan Crawford,$2b$10$jmtJaC2ylI816JNiBONQyu2bxr2fMZFCgi1Bv6dMnmO7LqxWyZWvG,savannahford421@mgcrew.com,Male,employee,3.0,779-889-5610x09138,2022-04-16 01:39:59,2022-10-16 21:16:38
423,Karen Lucero,$2b$10$npuGSBU3F.2LHpwc1CrcpuFWfvUav.23wBHAwx2I5/Fa8Uwj7xCfm,ronaldbennett422@mgcrew.com,Male,employee,4.0,001-201-888-6245x350,2022-05-29 08:13:00,2022-06-19 23:06:27
424,Brian Roberts,$2b$10$DkgTeWxlLtvatYzYh3fzce4D3q.xqjwyK5i0otv.83gLx/FKvTroe,ellisrachel423@mgcrew.com,Female,employee,3.0,(925)808-7711,2023-05-07 12:38:44,2024-04-03 16:02:28
425,Tabitha Bishop,$2b$10$/Q5LhlSr9JnDrVELo1/i0uyfBosCtSCwgRKJzS1dgiACzJ51umu4G,rfritz424@mgcrew.com,Female,employee,8.0,947-949-5481x0164,2024-04-04 20:38:02,2024-05-24 01:00:41
426,Bruce Everett,$2b$10$vHjPWlzUQOG0nzmDqJfSJuG5Z8bKwKy7RIEjWBBFUEij03FYjhuZS,ian46425@mgcrew.com,Male,employee,5.0,3082986476,2023-12-17 04:59:00,2024-05-04 00:09:59
427,Michael Ferguson,$2b$10$MMOMcTJKtAnUEX3putelpOR4VOx2clZEMeofQQOPiJbQURq1IMoje,patrickallen426@mgcrew.com,Female,employee,6.0,690.257.6178,2024-02-01 03:37:22,2024-04-17 05:07:05
428,Roger Butler,$2b$10$lDD6kCJSI/jMq/aIRfZElOxhrKG0Cxc2LQkNOpyiJw31oUiwtca1e,newmanmichelle427@mgcrew.com,Others,employee,5.0,(789)879-9749x03716,2022-11-14 04:32:47,2023-10-13 05:37:08
429,Cameron Moore,$2b$10$nd9yspzUVAx5cGhPLUE6s.cQ2AXR94PtTxyNsNCpD7MF7AzsmmKAO,millersara428@mgcrew.com,Female,employee,5.0,001-514-415-2706x030,2024-04-11 11:43:50,2024-04-22 05:01:33
430,Jeffrey Rowe,$2b$10$FbBViuuSq89VfCVXgP9kl.oMx4ysrnL9HYf05jLaxN0bGCia735WO,jamesnewman429@mgcrew.com,Male,employee,2.0,504.994.0364,2022-12-30 01:58:42,2023-01-03 19:07:00
431,Edward Hill,$2b$10$IKfOiL5pnSDriV3bfOefY.NWHgAlD1zhel91oscTcTDmu8C/Tcv6m,wellschristopher430@mgcrew.com,Female,employee,1.0,343-959-7983x001,2024-07-17 16:40:42,2024-08-24 13:13:32
432,Samantha Leblanc,$2b$10$bmxHDYWMoluEdERhmGvtnOkCs6NYYQo./vZUor4pLj1.gnwXwvmEu,browncarol431@mgcrew.com,Female,employee,7.0,(919)856-3921,2022-07-06 05:40:35,2022-12-01 13:57:38
433,Lisa Benitez,$2b$10$9UaSjYsUTNg6BLY4V2e/3OnVm14c1YpJ/6GIMPuNnCsDJfJ6JzSR6,iking432@mgcrew.com,Female,employee,3.0,(801)237-6297,2023-06-01 18:09:58,2023-08-09 05:12:21
434,Kristen Richardson,$2b$10$nQANFHftxoGddFMw9DKvde1QmulexJjzcvSFFB7n6oiVugIAS7vju,margaret65433@mgcrew.com,Male,employee,5.0,001-376-973-6506x313,2022-07-24 01:26:10,2023-10-30 11:15:01
435,Amy Brown,$2b$10$eiVhk02U9qYDfPlfgUozLumHZXq5D4PHqby5LZ21Bck2fXLrcWr3O,fitzpatrickjames434@mgcrew.com,Male,employee,5.0,001-705-292-9732x704,2022-10-20 01:56:44,2024-08-09 10:02:25
436,David Gutierrez,$2b$10$seRckjJ4495iV/GJFCTbV.rnRpRwpxuHks9jxHNvtSLr5ZAENy3h.,joeljones435@mgcrew.com,Male,employee,1.0,796.848.3766x62124,2024-07-21 23:43:02,2024-09-11 05:18:53
437,Christopher Ross,$2b$10$8DbWVb4edoT6dSu24uPOouPZuM.6fOzH7vXm4ZOWvvG88jJr5Plfi,jordan81436@mgcrew.com,Others,employee,3.0,(795)345-1037x5762,2024-05-18 10:26:39,2024-09-18 01:30:15
438,Christina Cisneros,$2b$10$EBkK05yAfhTJOTWDHqggR.9KLR862HRa9Y1V7QUeWM5n2QTPZ3bGe,whouse437@mgcrew.com,Female,employee,8.0,692.832.4990x6007,2024-08-25 00:50:52,2024-09-17 10:18:38
439,David Davis,$2b$10$gFptcCWo47I1TFQJJg1EQudRzqfrBUTIWtfrFFQiIudVxHsoRRTVi,thomascalvin438@mgcrew.com,Female,employee,6.0,001-293-971-8081x143,2022-10-11 18:07:56,2023-07-14 19:25:29
440,Glen Howe,$2b$10$GIBGI.BefGoj/HYgT2Nhgudy1H1zO46.Y5spOkZgFgZ1JeQDtKt8.,laceyhorn439@mgcrew.com,Others,employee,7.0,9192522046,2022-12-01 07:36:31,2023-10-06 18:13:57
441,Christopher Robinson,$2b$10$nGCYO5uYgiFP6co33qLA4.3hDcCAuJVih4nYKiCbNKNqiu2YxS9mq,susan23440@mgcrew.com,Others,employee,3.0,582-702-0497,2023-06-03 21:32:34,2023-08-05 17:33:48
442,Gloria Lopez,$2b$10$vPAxVonsRcktkihLWgl/2OE0D3.dA8NEgoeApAbvTuLOZi8zBk5kC,pharris441@mgcrew.com,Female,employee,8.0,524-828-1677,2022-09-13 03:31:14,2023-12-27 10:48:23
443,Patrick Baker,$2b$10$/Z2Mq4makkxHoCq.jrsqwescQMsT/BoIRsKMbS4S/eLiiWMWfUh86,allensamantha442@mgcrew.com,Others,employee,3.0,750-584-9455,2023-05-21 09:56:24,2023-11-19 22:10:42
444,Jeffrey Ali,$2b$10$wAeVK3c/oiVYG.TOKD2W3eEGbE02BRsTCXO3WEAe3LkiZsNZJxAmO,millerdavid443@mgcrew.com,Others,employee,2.0,001-494-821-3133x553,2023-09-27 21:02:37,2024-07-24 17:27:26
445,Joshua Brown,$2b$10$8fA4fk3Ev8g5hft38Ro03udZHdOpGoqBuV10GW7wAvK9./XjwbTma,sanchezandrew444@mgcrew.com,Others,employee,7.0,001-629-789-7964,2022-06-13 20:57:47,2023-03-21 05:08:18
446,Nicole Johnson,$2b$10$PIE0Xs6gOAHQ3v/SpF0nOeT/c3dimdsRWZj/RyoAbbmNU5cjpM0SS,wilsonstephanie445@mgcrew.com,Male,employee,5.0,749-528-4825,2023-02-10 19:28:30,2023-04-12 07:55:26
447,Anthony Steele,$2b$10$uBqJm0ybCb3gaSbm5QVBMOf1Au1vLYLyAuThFF96MZl25JZIdD8wG,steven57446@mgcrew.com,Male,employee,6.0,001-410-313-4433x923,2023-12-16 09:31:11,2024-08-15 02:48:51
448,Matthew Buchanan,$2b$10$e2T5PJW5TpL34zVhAFD0we3RraKnmSpIktO0m/8xan3nLy4d6kUbS,pmiranda447@mgcrew.com,Male,employee,6.0,001-491-980-3061,2023-09-30 02:51:31,2024-04-24 15:19:52
449,Michael Kennedy,$2b$10$ogSqPOZYvlQFJrErCnebiuPN3dITsHzr3rEgV15vYIPbY3n7AoR0O,michaeltucker448@mgcrew.com,Others,employee,3.0,+1-972-457-4999,2024-09-12 12:37:27,2024-09-26 04:14:12
450,Mrs. Erin Rodriguez,$2b$10$JayZi3UVQ4MJQaHRgNYUE.MwBOc7QCOG5cFcHUYyo2Dsk5dGFJaZC,timothy79449@mgcrew.com,Female,employee,2.0,9794195351,2022-07-20 18:09:47,2023-01-06 15:09:05
451,Dr. Ian Moss Jr.,$2b$10$rnFpRm.Bv3kospMJP1LyYeWz.e6DLyTnh//5ynZ0/jsC1AatYQf6e,bradleybennett450@mgcrew.com,Male,employee,2.0,729.900.9844x528,2024-05-23 20:08:10,2024-07-29 14:00:10
452,Paul Phillips,$2b$10$GazZNO5izCJyEJWHuk8yZuDpn2Z9eREQ81QSYRVAcw4yUKRAr7n8.,coreybyrd451@mgcrew.com,Others,employee,3.0,001-889-833-1522x570,2023-11-03 04:03:58,2024-08-15 16:27:12
453,Laurie Reid,$2b$10$l2W4U6GZNUgPlqCda3MNBeynjRfRvOBwCk2sSJiI47UcicFNvQ3.G,edean452@mgcrew.com,Male,employee,3.0,+1-413-619-9517x001,2023-05-01 13:32:47,2024-03-29 04:59:06
454,Eric Holmes,$2b$10$wsCpHIqtP2s/D9t4P0dOC.TR1QGthvl.gCNh8U74cNrIS8YVU/sx6,emilysullivan453@mgcrew.com,Female,employee,8.0,(887)428-3056,2022-05-18 05:20:22,2024-07-08 17:23:25
455,Samantha Watkins,$2b$10$C2RVGFvV7am0Cg/nPCEYHeZ8Lmd35tCA24FEAUOztnFV4oHcLV2Ai,qgreen454@mgcrew.com,Male,employee,5.0,(659)713-6478,2024-04-27 00:53:44,2024-09-08 03:25:42
456,Scott Davis,$2b$10$3xMczBDcXnyospUVjaNYLeImCYLh5dp1EFYn34O/HdgXBpris6hv.,jennifer52455@mgcrew.com,Male,employee,3.0,+1-273-783-2294x8795,2024-04-07 04:38:27,2024-06-18 23:44:19
457,Tracie Fischer,$2b$10$yQL6te8YToG7NiUh1/DU3uqwloFdX2EZiyKIHaUpjOWRLPNYfn/Om,jessicaleonard456@mgcrew.com,Others,employee,6.0,281-809-2687x33451,2023-05-28 16:26:31,2023-10-14 19:20:57
458,Mary Stafford,$2b$10$QoUDVsuQmvTlQlJxKxUPUeue90LXh6PYFslcDhsHT3A0KOJKrbl7a,jennifer96457@mgcrew.com,Others,employee,6.0,979-857-0069,2022-08-18 14:54:54,2023-04-01 16:51:48
459,Caleb Oliver,$2b$10$nu.axTe6d2wkz5pAYUftYODzGKhn9XZAFrHusEL4DlFR3PoxBiOf6,moniquewilliams458@mgcrew.com,Male,employee,3.0,(677)782-7896x155,2022-07-26 06:05:29,2024-03-14 16:42:23
460,Amy Rangel,$2b$10$nqAdmDZE33mHIMwnYpb65.lbjpjF1MFR2kDkFje2uIIxBxrQduZ0.,jacksonnicole459@mgcrew.com,Male,employee,3.0,645.725.0613x5651,2023-08-31 03:01:05,2024-09-04 01:08:16
461,Elizabeth Salinas,$2b$10$0yZmOHKdmCKwYHtMli/5outXUAjbg2iiT/PHMVFI2OLB/bCcD1jZK,kacosta460@mgcrew.com,Others,employee,2.0,(639)641-8923x111,2022-09-14 02:09:48,2023-10-20 10:50:30
462,William Nunez,$2b$10$9Y6PM.lsI5r2DIGQXkW1Ku3UkBpRcD97jkQkwNlprUegjkEwFbQ5G,tomrodriguez461@mgcrew.com,Female,employee,2.0,001-674-934-9435,2023-08-10 01:59:57,2023-12-23 14:13:17
463,Allison Taylor,$2b$10$7EAOt5C0.jHCQJY/N5sx9OnalP1.lGfjCpW7jOj5TeQ4LUILo3X4i,qvega462@mgcrew.com,Male,employee,5.0,001-475-944-9446,2023-07-09 21:34:59,2023-09-17 19:38:14
464,Brittany Manning,$2b$10$.QFf5o/g6jjRCicpITnZuehTADaV2W/MUCjzXHp.k3qzvlxNZCdoa,ksilva463@mgcrew.com,Female,employee,3.0,2637599353,2023-01-19 04:24:24,2023-12-31 04:20:36
465,Robin Ellis,$2b$10$9eReenIlxWLLA.zy2u7aR.CABJLeSjx2gks5Ua.b883uAgOpnXFqG,laura68464@mgcrew.com,Female,employee,2.0,880-908-0914,2023-01-03 05:46:36,2024-05-27 22:01:16
466,Charles Pena,$2b$10$ZiN0HMe3hutlOETy.qv11u12dP9J.vhgk2j4A/BW7bYEOIcLn.Z0u,davidhendrix465@mgcrew.com,Female,employee,8.0,6522020840,2024-06-09 16:57:07,2024-07-03 21:04:36
467,Kelsey Harris,$2b$10$9YJgR0pT7u.UXwKlUirZzesmGOVOxYz5fgeAQ20oWmn4MoAd4MVb6,emily77466@mgcrew.com,Female,employee,1.0,395-976-3341x7127,2023-12-02 07:10:00,2024-03-31 05:50:28
468,Javier Lee,$2b$10$WfomQl1aLZ1jxVhVcD3JgOi5hQVEXfRITUIx16cicJfLE0virTQly,hawkinsbrad467@mgcrew.com,Others,employee,2.0,(788)343-9774,2023-12-27 14:23:27,2024-05-31 18:50:37
469,Maria Murphy,$2b$10$oJg8Gg/NtkxcDT5LA2ICm.nuW3RTNYuxoHlA9FLwu4dj096ViX8vG,nicholas86468@mgcrew.com,Female,employee,6.0,+1-537-484-2276x875,2024-04-07 05:05:59,2024-04-18 06:25:39
470,Melinda Burns,$2b$10$w8OTFyZ2ETZ2VX0YLZulN.83mvHA9eKx3BXePW6QwA1UKNXk2bebK,sarahrobertson469@mgcrew.com,Others,employee,3.0,887.508.6691,2023-03-08 06:00:25,2024-04-06 08:43:06
471,Cody Knight,$2b$10$luAPoZ6HNExa2ArpG4u6DeGvJ.LOFF386apAvVzVuvYBXoQ9vi8Qm,bradleymorrow470@mgcrew.com,Male,employee,8.0,2348979052,2022-09-19 17:17:40,2024-05-11 17:10:27
472,Judith Warner,$2b$10$oE90TvTEBm2R9HMbD/4AcOgR9mMbz708S9YdfgCfZadTFgH3AgFDS,gregory90471@mgcrew.com,Male,employee,2.0,+1-480-465-6328,2023-02-20 10:33:29,2024-01-28 13:35:13
473,Kristin Holloway,$2b$10$wCs87xAmVY3CQFpu9CpFROiXdAgm/eOqKh4UcmOWTHANHeUtmCokO,pshaffer472@mgcrew.com,Male,employee,6.0,567.917.0159x48340,2024-01-23 01:30:47,2024-06-05 11:56:08
474,Michael Cox,$2b$10$cuKp6R86/gxcEk3C6dXQue0uIVOMRDHSQorlvYYHRZ2JIK9sjmoKW,rodriguezerica473@mgcrew.com,Female,employee,8.0,325.247.9027x15764,2022-11-06 22:18:44,2023-05-14 03:30:43
475,Christy Smith,$2b$10$g6.Z4teh.YQ.1aavd1nTme94so78UzBch./b.KLP3uBHOAa7Ep2qq,walter16474@mgcrew.com,Female,employee,1.0,675-883-9799x488,2023-09-04 01:47:07,2024-08-23 03:24:37
476,Felicia Mosley,$2b$10$DijxBovbUp8HSQxvH5pSze/s61W.W71/mIjw/4enij1qva8eiJQ9i,paulsharp475@mgcrew.com,Male,employee,6.0,(915)807-9871x65203,2022-04-27 14:00:56,2022-04-28 15:13:42
477,Kimberly Holmes,$2b$10$nZIadiGru9beI/R5aoAeaO2px8dIg7XriNPQj8FgaP7u1DPEKnjTa,framirez476@mgcrew.com,Male,employee,7.0,319.300.3279x408,2022-10-15 13:05:17,2023-10-04 16:59:47
478,James Johnson,$2b$10$b3O9TvRwxeT9uqZlbD.BauSDLlYuJbAOoHET1IP1B74EFWV91uaTW,nguyenkimberly477@mgcrew.com,Others,employee,5.0,001-493-312-6476,2022-12-22 13:41:00,2023-11-08 07:18:57
479,Bianca Wang,$2b$10$itmDW5YrFbQh1.Dn33ruK.CYXRyS54Mke4m0XUv5KMvlsHgpSDv8q,ljohnson478@mgcrew.com,Female,employee,7.0,+1-908-709-3327x0827,2022-05-03 10:33:05,2023-02-26 04:33:55
480,Nicholas Cooper,$2b$10$wc8eaFqzfsnzd8kQRuIEJeBFPvyvyjMxdCCLZUGZbMZvI6fb1c4MS,gillespienorma479@mgcrew.com,Male,employee,3.0,683-872-4514,2024-02-13 11:33:11,2024-06-09 04:32:16
481,Chad Hancock,$2b$10$XiNyVA581qAR6lwECPeeQeJqLXD58Z64dK.D8MAv66yp1Wwugx9U6,cannondaniel480@mgcrew.com,Female,employee,1.0,458.374.9053x2113,2023-11-15 03:51:53,2023-12-10 14:23:13
482,Amy Garcia,$2b$10$0Rx57H0Ad5CiRU4jDEQ4Y.zXIGBDy4A6wcngCTwjX8nzna4xlvb1m,jennifer41481@mgcrew.com,Others,employee,2.0,3664617089,2024-04-07 16:01:48,2024-08-18 04:40:36
483,Colleen Manning,$2b$10$/u6zJOroFqJ4IrtIfM.gTeCJk8ZF6u6r.F05P1cK23mB4KO8VTpXa,jeremynelson482@mgcrew.com,Others,employee,7.0,2592854264,2022-05-05 06:56:35,2023-05-26 15:16:52
484,Shelly Davis,$2b$10$XFWkZCWG.wbQ8CnPDZGRaeIYpdPJGt4InAs0nN2QxAI3OVgUS9dIq,michael58483@mgcrew.com,Others,employee,1.0,(354)457-7573,2022-05-09 21:29:15,2023-08-14 06:25:12
485,Andrea Castillo,$2b$10$xO.9EH.5v/KOflxX.3V10Ops7AR/bspBIzET4P5DTRbTLRmBtTuIe,phillipsrhonda484@mgcrew.com,Female,employee,6.0,(812)453-6058,2022-11-21 15:44:27,2023-05-30 20:02:22
486,Michael Armstrong,$2b$10$ZWvdJk2Oy8t1XWrz5Oo/m.UprHFNP3z8ReMOeCGI30dap6qKqipQm,ryan26485@mgcrew.com,Others,employee,4.0,(767)345-1595x27521,2023-12-26 00:29:34,2024-04-02 19:37:51
487,Elizabeth Hunt,$2b$10$wrbO6NBrzcE9U7YCcy1Ym.ktN.CrsRz8GBpWwbLdV4qF2J0iFHoNK,phillip94486@mgcrew.com,Female,employee,3.0,(376)238-2371,2022-09-28 05:29:04,2024-08-14 23:41:26
488,Pamela Chavez,$2b$10$S5T14Mt3PhQvSndlv/k2POpNrWgbY3aSi9c/x0laai3RwW1k4crvi,xbrowning487@mgcrew.com,Female,employee,7.0,319-721-5995x379,2024-03-20 15:39:05,2024-07-22 13:36:12
489,Erin Foster,$2b$10$MxwdnxVOybnZ1jNMhG8b8O9tsNkILBggrMN.0M2nLwMBWlV8nRNw.,woodardseth488@mgcrew.com,Male,employee,3.0,467.946.1422,2023-12-18 16:03:49,2024-10-07 07:18:37
490,Jason Coleman,$2b$10$4hg.JPiPwVcCfXrAHfIR8O9f7QtJBQZVcRWEKT8FU9FPDMW4t8Jo2,ytaylor489@mgcrew.com,Female,employee,7.0,208-446-6188x546,2023-07-15 00:36:59,2023-10-05 03:39:15
491,Mark Warren,$2b$10$c6WbIcLmkI0MTG9NwzKTFuSQ9KMuDTXKxP5vhjaz0eEBeWmNhxTym,npeters490@mgcrew.com,Male,employee,7.0,+1-400-688-6080x4001,2022-04-24 20:03:36,2023-02-21 00:30:09
492,Kristi Rollins,$2b$10$Wb1ZUKXrC5kXV.joFxga9OVDlkivn83DxeUtnCv/b/gYE8uuVMJ2C,corygarner491@mgcrew.com,Others,employee,8.0,001-766-770-4930x042,2023-03-24 16:33:28,2023-11-30 18:38:17
493,Samantha Kim,$2b$10$o2t40TVosbaeITFtVD/dAurABj2tf4NEajjnyaoys6OgPABbGVTAu,billy29492@mgcrew.com,Others,employee,6.0,4188775645,2023-07-12 15:26:32,2023-07-31 21:29:02
494,Sean Flores,$2b$10$KcxQFlR/d9ToGYNjTeraYeGnjcGQCx9HzXK5GlrcalfTLbtdxw4nO,erika82493@mgcrew.com,Others,employee,7.0,704.339.9269,2024-03-02 17:05:11,2024-03-04 15:50:39
495,David Anderson,$2b$10$FvU.mL3c9Wn3PDd8nKVLK.lnYdnZuGUtH3Q26hJv74dEgHt1wUoFK,bryan64494@mgcrew.com,Female,employee,1.0,001-275-833-7872,2023-07-19 16:33:15,2024-02-10 07:48:56
496,Kylie Hurley,$2b$10$iFWAYXYlo2LkBVzkGJq0bOsv68ZsexdqD.pQwmNg9tWMcB0jPMRr.,millershannon495@mgcrew.com,Others,employee,6.0,(329)632-2791,2024-06-03 12:43:10,2024-09-19 20:28:06
497,Hannah Pope,$2b$10$VjclKnQVeZ1OmhS4lNJB3uNJpEvpxfLwzsHyP2ZZadU/6u83rn6Fq,hectorthomas496@mgcrew.com,Female,employee,7.0,4183188054,2023-02-26 15:51:54,2024-06-05 19:32:14
498,Samuel Davis,$2b$10$x1gqQ/7GIf7/X4MhXPVhG.IfGrNXjPmrxmaVVnzhUfXIwwOaYsxiC,ehaas497@mgcrew.com,Male,employee,3.0,(606)669-5517x0664,2024-01-17 22:28:04,2024-04-13 09:03:18
499,Lori Valenzuela,$2b$10$2A0ESsnfWF/wBJOETDrlWO0nQvFebNUJDIsoyr0qtu2uho4CtVuxy,claire84498@mgcrew.com,Others,employee,8.0,591.444.2468,2023-03-02 02:42:08,2023-03-08 14:12:10
500,Sarah Greene,$2b$10$LPm.0wlUitwF1FSMwTtM2.FJHDauNq0RCHrJR3j6Lvu2RVekxn/li,brentward499@mgcrew.com,Others,employee,8.0,001-508-354-6558,2023-12-20 14:40:50,2024-01-16 18:03:19
